track_uid,year,mcs_id,lifecycle_start,lifecycle_end,observed_hours_in_domain,official_robust_hours_in_domain,mature_hours_reconstructed,max_emma_grid_cells,max_official_robust_grid_cells,max_full_track_area_km2,track_lat_min,track_lat_max,track_lon_min,track_lon_max,has_official_robust_mask_in_domain,has_mature_phase_reconstructed_while_in_domain,gmi_pf_feature_count,gmi_orbit_count,gmi_robust_feature_count,gmi_nonrobust_feature_count,observed_by_gmi_pf,observed_by_gmi_pf_in_robust_phase,observed_by_gmi_pf_in_nonrobust_phase,dpr_pf_feature_count,dpr_orbit_count,dpr_robust_feature_count,dpr_nonrobust_feature_count,observed_by_dpr_pf,observed_by_dpr_pf_in_robust_phase,observed_by_dpr_pf_in_nonrobust_phase,coverage_interpretation
2020:1018,2020,1018,2020-06-20 10:00:00+00:00,2020-06-20 20:00:00+00:00,11,11,11,596,596,62754.4921875,52.14999771118164,54.94999694824219,17.649999618530273,25.44999885559082,True,True,2,1,2,0,True,True,False,3,1,3,0,True,True,False,PF-feature co-occurrence lower bound; absence is not proof of no sensor overpass
2020:1023,2020,1023,2020-06-20 12:00:00+00:00,2020-06-20 18:00:00+00:00,7,7,7,901,901,75174.265625,43.849998474121094,51.44999694824219,23.149999618530273,30.549999237060547,True,True,3,2,3,0,True,True,False,0,0,0,0,False,False,False,PF-feature co-occurrence lower bound; absence is not proof of no sensor overpass
2020:1052,2020,1052,2020-06-21 10:00:00+00:00,2020-06-21 19:00:00+00:00,10,10,10,782,782,60262.61328125,48.64999771118164,54.25,17.850000381469727,23.049999237060547,True,True,1,1,1,0,True,True,False,1,1,1,0,True,True,False,PF-feature co-occurrence lower bound; absence is not proof of no sensor overpass
2020:1060,2020,1060,2020-06-21 14:00:00+00:00,2020-06-21 19:00:00+00:00,6,6,6,183,183,16728.25,40.75,43.54999923706055,11.050000190734863,14.049999237060547,True,True,1,1,1,0,True,True,False,1,1,1,0,True,True,False,PF-feature co-occurrence lower bound; absence is not proof of no sensor overpass
2020:1062,2020,1062,2020-06-21 14:00:00+00:00,2020-06-21 22:00:00+00:00,9,9,9,494,494,37900.078125,50.349998474121094,52.54999923706055,22.25,28.349998474121094,True,True,2,1,2,0,True,True,False,1,1,1,0,True,True,False,PF-feature co-occurrence lower bound; absence is not proof of no sensor overpass
2020:1063,2020,1063,2020-06-21 14:00:00+00:00,2020-06-21 18:00:00+00:00,5,5,5,242,242,18202.599609375,51.94999694824219,53.14999771118164,36.95000076293945,40.04999923706055,True,True,0,0,0,0,False,False,False,0,0,0,0,False,False,False,PF-feature co-occurrence lower bound; absence is not proof of no sensor overpass
2020:1076,2020,1076,2020-06-21 22:00:00+00:00,2020-06-22 03:00:00+00:00,6,6,6,533,533,42131.40234375,47.95000076293945,53.44999694824219,24.149999618530273,29.25,True,True,0,0,0,0,False,False,False,0,0,0,0,False,False,False,PF-feature co-occurrence lower bound; absence is not proof of no sensor overpass
2020:1092,2020,1092,2020-06-22 12:00:00+00:00,2020-06-22 15:00:00+00:00,4,4,4,811,811,65906.078125,47.04999923706055,51.14999771118164,25.849998474121094,32.849998474121094,True,True,1,1,1,0,True,True,False,2,1,2,0,True,True,False,PF-feature co-occurrence lower bound; absence is not proof of no sensor overpass
2020:1100,2020,1100,2020-06-22 15:00:00+00:00,2020-06-23 02:00:00+00:00,12,12,12,1135,1135,91443.3984375,44.25,51.14999771118164,22.549999237060547,31.649999618530273,True,True,3,2,3,0,True,True,False,3,1,3,0,True,True,False,PF-feature co-occurrence lower bound; absence is not proof of no sensor overpass
2020:1103,2020,1103,2020-06-22 18:00:00+00:00,2020-06-22 21:00:00+00:00,4,4,4,431,431,34041.57421875,49.25,51.349998474121094,26.049999237060547,30.049999237060547,True,True,0,0,0,0,False,False,False,0,0,0,0,False,False,False,PF-feature co-occurrence lower bound; absence is not proof of no sensor overpass
2020:1111,2020,1111,2020-06-23 01:00:00+00:00,2020-06-23 04:00:00+00:00,4,4,4,109,109,10660.2177734375,37.04999923706055,38.349998474121094,24.049999237060547,25.44999885559082,True,True,0,0,0,0,False,False,False,0,0,0,0,False,False,False,PF-feature co-occurrence lower bound; absence is not proof of no sensor overpass
2020:1116,2020,1116,2020-06-23 10:00:00+00:00,2020-06-23 17:00:00+00:00,8,8,8,488,488,45304.5859375,39.349998474121094,43.04999923706055,29.75,35.25,True,True,1,1,1,0,True,True,False,2,1,2,0,True,True,False,PF-feature co-occurrence lower bound; absence is not proof of no sensor overpass
2020:1117,2020,1117,2020-06-23 10:00:00+00:00,2020-06-23 15:00:00+00:00,6,6,6,412,412,38751.36328125,38.54999923706055,45.25,25.649999618530273,29.44999885559082,True,True,1,1,1,0,True,True,False,0,0,0,0,False,False,False,PF-feature co-occurrence lower bound; absence is not proof of no sensor overpass
2020:1130,2020,1130,2020-06-23 19:00:00+00:00,2020-06-24 07:00:00+00:00,13,13,13,542,542,48553.27734375,41.64999771118164,45.45000076293945,27.75,32.64999771118164,True,True,0,0,0,0,False,False,False,0,0,0,0,False,False,False,PF-feature co-occurrence lower bound; absence is not proof of no sensor overpass
2020:1138,2020,1138,2020-06-24 05:00:00+00:00,2020-06-24 09:00:00+00:00,5,5,5,378,378,33730.375,42.04999923706055,45.349998474121094,32.75,35.849998474121094,True,True,0,0,0,0,False,False,False,0,0,0,0,False,False,False,PF-feature co-occurrence lower bound; absence is not proof of no sensor overpass
2020:1142,2020,1142,2020-06-24 14:00:00+00:00,2020-06-24 21:00:00+00:00,8,8,8,470,470,42919.26953125,40.849998474121094,44.04999923706055,-7.449999809265137,-4.449999809265137,True,True,1,1,1,0,True,True,False,2,1,2,0,True,True,False,PF-feature co-occurrence lower bound; absence is not proof of no sensor overpass
2020:1144,2020,1144,2020-06-24 15:00:00+00:00,2020-06-24 18:00:00+00:00,4,4,4,302,302,27511.88671875,41.75,43.25,-1.149999976158142,2.25,True,True,1,1,1,0,True,True,False,0,0,0,0,False,False,False,PF-feature co-occurrence lower bound; absence is not proof of no sensor overpass
2020:1158,2020,1158,2020-06-25 14:00:00+00:00,2020-06-26 06:00:00+00:00,17,17,17,758,758,68599.25,40.95000076293945,48.95000076293945,-4.650000095367432,3.75,True,True,2,2,2,0,True,True,False,0,0,0,0,False,False,False,PF-feature co-occurrence lower bound; absence is not proof of no sensor overpass
2020:1160,2020,1160,2020-06-25 14:00:00+00:00,2020-06-25 18:00:00+00:00,5,5,5,214,214,19412.69140625,41.95000076293945,43.54999923706055,-0.8499999642372131,1.9499999284744263,True,True,1,1,1,0,True,True,False,0,0,0,0,False,False,False,PF-feature co-occurrence lower bound; absence is not proof of no sensor overpass
2020:1161,2020,1161,2020-06-25 14:00:00+00:00,2020-06-25 18:00:00+00:00,5,5,5,162,162,14656.50390625,41.75,44.25,-6.349999904632568,-3.6499998569488525,True,True,0,0,0,0,False,False,False,0,0,0,0,False,False,False,PF-feature co-occurrence lower bound; absence is not proof of no sensor overpass
2020:1169,2020,1169,2020-06-25 19:00:00+00:00,2020-06-25 23:00:00+00:00,5,5,5,224,224,17943.69140625,48.25,50.95000076293945,-2.549999952316284,0.44999998807907104,True,True,2,1,2,0,True,True,False,1,1,1,0,True,True,False,PF-feature co-occurrence lower bound; absence is not proof of no sensor overpass
2020:117,2020,117,2020-05-07 18:00:00+00:00,2020-05-08 01:00:00+00:00,8,8,8,179,179,15875.041015625,42.75,45.45000076293945,-4.549999713897705,-1.9499999284744263,True,True,0,0,0,0,False,False,False,0,0,0,0,False,False,False,PF-feature co-occurrence lower bound; absence is not proof of no sensor overpass
2020:1176,2020,1176,2020-06-26 00:00:00+00:00,2020-06-26 18:00:00+00:00,19,19,19,1398,1398,109919.796875,46.04999923706055,54.14999771118164,12.25,24.25,True,True,1,1,1,0,True,True,False,2,1,2,0,True,True,False,PF-feature co-occurrence lower bound; absence is not proof of no sensor overpass
2020:1181,2020,1181,2020-06-26 02:00:00+00:00,2020-06-26 07:00:00+00:00,6,6,6,169,169,20035.1015625,52.04999923706055,54.94999694824219,-5.449999809265137,-2.8499999046325684,True,True,0,0,0,0,False,False,False,0,0,0,0,False,False,False,PF-feature co-occurrence lower bound; absence is not proof of no sensor overpass
2020:1189,2020,1189,2020-06-26 06:00:00+00:00,2020-06-26 09:00:00+00:00,4,4,4,182,182,14151.0556640625,49.849998474121094,52.54999923706055,-0.25,4.150000095367432,True,True,0,0,0,0,False,False,False,0,0,0,0,False,False,False,PF-feature co-occurrence lower bound; absence is not proof of no sensor overpass
2020:119,2020,119,2020-05-07 23:00:00+00:00,2020-05-08 12:00:00+00:00,14,14,14,720,720,65683.0859375,40.45000076293945,47.04999923706055,-7.75,-0.25,True,True,1,1,1,0,True,True,False,0,0,0,0,False,False,False,PF-feature co-occurrence lower bound; absence is not proof of no sensor overpass
2020:1192,2020,1192,2020-06-26 13:00:00+00:00,2020-06-26 17:00:00+00:00,5,5,5,639,639,51719.4375,46.54999923706055,51.14999771118164,4.650000095367432,9.84999942779541,True,True,1,1,1,0,True,True,False,0,0,0,0,False,False,False,PF-feature co-occurrence lower bound; absence is not proof of no sensor overpass
2020:1193,2020,1193,2020-06-26 13:00:00+00:00,2020-06-27 00:00:00+00:00,12,12,12,366,366,28984.86328125,48.849998474121094,51.54999923706055,16.149999618530273,20.350000381469727,True,True,2,2,2,0,True,True,False,2,1,2,0,True,True,False,PF-feature co-occurrence lower bound; absence is not proof of no sensor overpass
2020:1195,2020,1195,2020-06-26 14:00:00+00:00,2020-06-26 17:00:00+00:00,4,4,4,222,222,19158.3828125,44.75,46.849998474121094,1.75,4.349999904632568,True,True,0,0,0,0,False,False,False,0,0,0,0,False,False,False,PF-feature co-occurrence lower bound; absence is not proof of no sensor overpass
2020:1201,2020,1201,2020-06-26 15:00:00+00:00,2020-06-26 21:00:00+00:00,7,7,7,658,658,53176.5859375,46.849998474121094,51.25,19.549999237060547,23.94999885559082,True,True,2,1,2,0,True,True,False,2,1,2,0,True,True,False,PF-feature co-occurrence lower bound; absence is not proof of no sensor overpass
2020:1203,2020,1203,2020-06-26 16:00:00+00:00,2020-06-26 23:00:00+00:00,8,8,8,348,348,27953.03125,47.95000076293945,50.849998474121094,0.949999988079071,5.650000095367432,True,True,3,2,3,0,True,True,False,0,0,0,0,False,False,False,PF-feature co-occurrence lower bound; absence is not proof of no sensor overpass
2020:1204,2020,1204,2020-06-26 16:00:00+00:00,2020-06-27 00:00:00+00:00,9,9,9,317,317,26286.5234375,45.54999923706055,49.04999923706055,7.549999713897705,15.649999618530273,True,True,1,1,1,0,True,True,False,1,1,1,0,True,True,False,PF-feature co-occurrence lower bound; absence is not proof of no sensor overpass
2020:1215,2020,1215,2020-06-27 00:00:00+00:00,2020-06-27 04:00:00+00:00,5,5,5,580,580,47154.3671875,47.25,50.75,2.3499999046325684,6.75,True,True,0,0,0,0,False,False,False,0,0,0,0,False,False,False,PF-feature co-occurrence lower bound; absence is not proof of no sensor overpass
2020:122,2020,122,2020-05-09 06:00:00+00:00,2020-05-09 10:00:00+00:00,5,5,5,392,392,53069.734375,37.349998474121094,42.849998474121094,-9.949999809265137,-8.34999942779541,True,True,0,0,0,0,False,False,False,0,0,0,0,False,False,False,PF-feature co-occurrence lower bound; absence is not proof of no sensor overpass
2020:1221,2020,1221,2020-06-27 02:00:00+00:00,2020-06-27 02:00:00+00:00,1,1,1,5,5,9525.74609375,54.94999694824219,54.94999694824219,0.04999999701976776,0.44999998807907104,True,True,0,0,0,0,False,False,False,0,0,0,0,False,False,False,PF-feature co-occurrence lower bound; absence is not proof of no sensor overpass
2020:1230,2020,1230,2020-06-27 08:00:00+00:00,2020-06-27 12:00:00+00:00,5,5,5,226,226,21395.640625,53.14999771118164,54.94999694824219,3.9499998092651367,7.449999809265137,True,True,0,0,0,0,False,False,False,0,0,0,0,False,False,False,PF-feature co-occurrence lower bound; absence is not proof of no sensor overpass
2020:1231,2020,1231,2020-06-27 11:00:00+00:00,2020-06-27 22:00:00+00:00,12,12,12,418,418,41049.36328125,52.04999923706055,54.94999694824219,20.850000381469727,28.649999618530273,True,True,0,0,0,0,False,False,False,0,0,0,0,False,False,False,PF-feature co-occurrence lower bound; absence is not proof of no sensor overpass
2020:1248,2020,1248,2020-06-27 17:00:00+00:00,2020-06-27 20:00:00+00:00,4,4,4,217,217,17323.02734375,49.04999923706055,50.349998474121094,20.75,25.350000381469727,True,True,0,0,0,0,False,False,False,0,0,0,0,False,False,False,PF-feature co-occurrence lower bound; absence is not proof of no sensor overpass
2020:1249,2020,1249,2020-06-27 17:00:00+00:00,2020-06-27 20:00:00+00:00,4,4,4,112,112,8412.3427734375,51.75,53.04999923706055,22.049999237060547,24.94999885559082,True,True,0,0,0,0,False,False,False,0,0,0,0,False,False,False,PF-feature co-occurrence lower bound; absence is not proof of no sensor overpass
2020:1251,2020,1251,2020-06-27 18:00:00+00:00,2020-06-27 22:00:00+00:00,5,5,5,206,206,16120.65625,49.95000076293945,51.75,13.449999809265137,18.850000381469727,True,True,1,1,1,0,True,True,False,1,1,1,0,True,True,False,PF-feature co-occurrence lower bound; absence is not proof of no sensor overpass
2020:1261,2020,1261,2020-06-28 02:00:00+00:00,2020-06-28 05:00:00+00:00,4,4,4,287,287,22887.47265625,52.25,54.94999694824219,27.349998474121094,30.94999885559082,True,True,0,0,0,0,False,False,False,0,0,0,0,False,False,False,PF-feature co-occurrence lower bound; absence is not proof of no sensor overpass
2020:1272,2020,1272,2020-06-28 12:00:00+00:00,2020-06-28 15:00:00+00:00,4,4,4,235,235,19018.2109375,48.25,49.75,18.94999885559082,22.350000381469727,True,True,3,1,3,0,True,True,False,0,0,0,0,False,False,False,PF-feature co-occurrence lower bound; absence is not proof of no sensor overpass
2020:1282,2020,1282,2020-06-28 16:00:00+00:00,2020-06-28 21:00:00+00:00,6,6,6,242,242,18310.48046875,52.94999694824219,54.94999694824219,16.44999885559082,21.049999237060547,True,True,0,0,0,0,False,False,False,0,0,0,0,False,False,False,PF-feature co-occurrence lower bound; absence is not proof of no sensor overpass
2020:130,2020,130,2020-05-08 18:00:00+00:00,2020-05-09 00:00:00+00:00,7,7,7,325,325,29350.62890625,42.14999771118164,44.95000076293945,-6.150000095367432,-1.9499999284744263,True,True,0,0,0,0,False,False,False,0,0,0,0,False,False,False,PF-feature co-occurrence lower bound; absence is not proof of no sensor overpass
2020:1307,2020,1307,2020-06-29 18:00:00+00:00,2020-06-29 21:00:00+00:00,4,4,4,556,556,45936.890625,45.849998474121094,50.25,19.149999618530273,24.75,True,True,0,0,0,0,False,False,False,0,0,0,0,False,False,False,PF-feature co-occurrence lower bound; absence is not proof of no sensor overpass
2020:131,2020,131,2020-05-08 18:00:00+00:00,2020-05-08 21:00:00+00:00,4,4,4,144,144,12872.0,43.04999923706055,44.64999771118164,-7.149999618530273,-5.75,True,True,0,0,0,0,False,False,False,0,0,0,0,False,False,False,PF-feature co-occurrence lower bound; absence is not proof of no sensor overpass
2020:1324,2020,1324,2020-07-01 12:00:00+00:00,2020-07-01 21:00:00+00:00,10,10,10,463,463,38762.359375,45.849998474121094,48.64999771118164,9.649999618530273,18.149999618530273,True,True,2,2,2,0,True,True,False,2,1,2,0,True,True,False,PF-feature co-occurrence lower bound; absence is not proof of no sensor overpass
2020:1330,2020,1330,2020-07-01 19:00:00+00:00,2020-07-02 03:00:00+00:00,9,9,9,488,488,36194.23828125,51.25,54.54999923706055,12.34999942779541,24.44999885559082,True,True,0,0,0,0,False,False,False,0,0,0,0,False,False,False,PF-feature co-occurrence lower bound; absence is not proof of no sensor overpass
2020:1335,2020,1335,2020-07-02 00:00:00+00:00,2020-07-02 06:00:00+00:00,7,7,7,299,299,24338.6953125,47.54999923706055,50.349998474121094,17.350000381469727,20.850000381469727,True,True,0,0,0,0,False,False,False,0,0,0,0,False,False,False,PF-feature co-occurrence lower bound; absence is not proof of no sensor overpass
2020:1340,2020,1340,2020-07-02 07:00:00+00:00,2020-07-02 14:00:00+00:00,8,8,8,389,389,31047.12109375,48.25,51.04999923706055,9.149999618530273,16.94999885559082,True,True,0,0,0,0,False,False,False,0,0,0,0,False,False,False,PF-feature co-occurrence lower bound; absence is not proof of no sensor overpass
2020:1343,2020,1343,2020-07-02 16:00:00+00:00,2020-07-03 03:00:00+00:00,12,12,12,674,674,56811.39453125,44.54999923706055,50.04999923706055,19.049999237060547,24.75,True,True,2,1,2,0,True,True,False,1,1,1,0,True,True,False,PF-feature co-occurrence lower bound; absence is not proof of no sensor overpass
2020:1352,2020,1352,2020-07-02 21:00:00+00:00,2020-07-03 00:00:00+00:00,4,4,4,165,165,14810.4609375,42.75,44.04999923706055,20.350000381469727,22.75,True,True,1,1,1,0,True,True,False,0,0,0,0,False,False,False,PF-feature co-occurrence lower bound; absence is not proof of no sensor overpass
2020:1353,2020,1353,2020-07-02 22:00:00+00:00,2020-07-03 05:00:00+00:00,8,8,8,551,551,41652.234375,50.25,54.849998474121094,24.649999618530273,31.25,True,True,0,0,0,0,False,False,False,0,0,0,0,False,False,False,PF-feature co-occurrence lower bound; absence is not proof of no sensor overpass
2020:1354,2020,1354,2020-07-02 23:00:00+00:00,2020-07-03 02:00:00+00:00,4,4,4,122,122,10694.513671875,44.25,45.64999771118164,21.049999237060547,22.75,True,True,0,0,0,0,False,False,False,0,0,0,0,False,False,False,PF-feature co-occurrence lower bound; absence is not proof of no sensor overpass
2020:1357,2020,1357,2020-07-03 03:00:00+00:00,2020-07-03 06:00:00+00:00,4,4,4,103,103,9056.03515625,43.95000076293945,45.45000076293945,13.549999237060547,15.949999809265137,True,True,0,0,0,0,False,False,False,0,0,0,0,False,False,False,PF-feature co-occurrence lower bound; absence is not proof of no sensor overpass
2020:1369,2020,1369,2020-07-03 11:00:00+00:00,2020-07-03 18:00:00+00:00,8,8,8,621,621,46897.9765625,47.75,53.75,25.44999885559082,31.349998474121094,True,True,1,1,1,0,True,True,False,0,0,0,0,False,False,False,PF-feature co-occurrence lower bound; absence is not proof of no sensor overpass
2020:1371,2020,1371,2020-07-03 11:00:00+00:00,2020-07-03 19:00:00+00:00,9,9,9,190,190,40752.08203125,53.349998474121094,54.94999694824219,32.25,39.95000076293945,True,True,2,1,2,0,True,True,False,0,0,0,0,False,False,False,PF-feature co-occurrence lower bound; absence is not proof of no sensor overpass
2020:1384,2020,1384,2020-07-03 17:00:00+00:00,2020-07-03 22:00:00+00:00,6,6,6,290,290,25252.33203125,44.25,46.45000076293945,6.449999809265137,10.550000190734863,True,True,1,1,1,0,True,True,False,1,1,1,0,True,True,False,PF-feature co-occurrence lower bound; absence is not proof of no sensor overpass
2020:1408,2020,1408,2020-07-04 21:00:00+00:00,2020-07-05 02:00:00+00:00,6,6,6,207,207,15545.5087890625,51.75,53.64999771118164,34.849998474121094,38.95000076293945,True,True,0,0,0,0,False,False,False,0,0,0,0,False,False,False,PF-feature co-occurrence lower bound; absence is not proof of no sensor overpass
2020:1435,2020,1435,2020-07-07 03:00:00+00:00,2020-07-07 07:00:00+00:00,5,5,5,433,433,34750.203125,48.14999771118164,50.64999771118164,27.25,31.44999885559082,True,True,0,0,0,0,False,False,False,0,0,0,0,False,False,False,PF-feature co-occurrence lower bound; absence is not proof of no sensor overpass
2020:1439,2020,1439,2020-07-07 08:00:00+00:00,2020-07-08 00:00:00+00:00,15,15,15,460,460,160508.078125,52.44999694824219,54.94999694824219,29.25,37.25,True,True,2,1,2,0,True,True,False,4,1,4,0,True,True,False,PF-feature co-occurrence lower bound; absence is not proof of no sensor overpass
2020:1440,2020,1440,2020-07-07 09:00:00+00:00,2020-07-07 22:00:00+00:00,14,14,14,1052,1052,91053.046875,42.45000076293945,49.75,23.049999237060547,33.349998474121094,True,True,1,1,1,0,True,True,False,0,0,0,0,False,False,False,PF-feature co-occurrence lower bound; absence is not proof of no sensor overpass
2020:1451,2020,1451,2020-07-07 22:00:00+00:00,2020-07-08 09:00:00+00:00,12,12,12,345,345,32045.337890625,40.14999771118164,42.54999923706055,29.75,34.45000076293945,True,True,0,0,0,0,False,False,False,0,0,0,0,False,False,False,PF-feature co-occurrence lower bound; absence is not proof of no sensor overpass
2020:1453,2020,1453,2020-07-08 10:00:00+00:00,2020-07-08 21:00:00+00:00,12,12,12,442,442,38186.88671875,40.75,47.75,37.45000076293945,40.04999923706055,True,True,0,0,0,0,False,False,False,0,0,0,0,False,False,False,PF-feature co-occurrence lower bound; absence is not proof of no sensor overpass
2020:1474,2020,1474,2020-07-10 14:00:00+00:00,2020-07-10 23:00:00+00:00,10,10,10,692,692,57405.734375,46.45000076293945,51.14999771118164,9.34999942779541,17.850000381469727,True,True,1,1,1,0,True,True,False,1,1,1,0,True,True,False,PF-feature co-occurrence lower bound; absence is not proof of no sensor overpass
2020:1475,2020,1475,2020-07-10 14:00:00+00:00,2020-07-11 00:00:00+00:00,11,11,11,869,869,82819.625,49.349998474121094,54.94999694824219,15.149999618530273,29.049999237060547,True,True,0,0,0,0,False,False,False,1,1,1,0,True,True,False,PF-feature co-occurrence lower bound; absence is not proof of no sensor overpass
2020:148,2020,148,2020-05-09 16:00:00+00:00,2020-05-09 22:00:00+00:00,7,7,7,426,426,37778.59375,42.45000076293945,47.349998474121094,-3.75,0.6499999761581421,True,True,0,0,0,0,False,False,False,0,0,0,0,False,False,False,PF-feature co-occurrence lower bound; absence is not proof of no sensor overpass
2020:1489,2020,1489,2020-07-11 14:00:00+00:00,2020-07-12 02:00:00+00:00,13,13,13,1405,1405,123210.15625,48.75,54.94999694824219,22.25,34.75,True,True,1,1,1,0,True,True,False,1,1,1,0,True,True,False,PF-feature co-occurrence lower bound; absence is not proof of no sensor overpass
2020:1512,2020,1512,2020-07-13 05:00:00+00:00,2020-07-13 08:00:00+00:00,4,4,4,94,94,8758.17578125,40.64999771118164,41.54999923706055,37.45000076293945,39.04999923706055,True,True,1,1,1,0,True,True,False,0,0,0,0,False,False,False,PF-feature co-occurrence lower bound; absence is not proof of no sensor overpass
2020:1515,2020,1515,2020-07-13 09:00:00+00:00,2020-07-13 12:00:00+00:00,4,4,4,95,95,8434.2490234375,43.14999771118164,44.75,38.75,40.04999923706055,True,True,0,0,0,0,False,False,False,0,0,0,0,False,False,False,PF-feature co-occurrence lower bound; absence is not proof of no sensor overpass
2020:1521,2020,1521,2020-07-13 14:00:00+00:00,2020-07-14 00:00:00+00:00,11,11,11,2234,2234,177975.75,46.95000076293945,53.64999771118164,32.95000076293945,40.04999923706055,True,True,1,1,1,0,True,True,False,0,0,0,0,False,False,False,PF-feature co-occurrence lower bound; absence is not proof of no sensor overpass
2020:154,2020,154,2020-05-09 19:00:00+00:00,2020-05-10 00:00:00+00:00,6,6,6,547,547,44403.875,47.75,50.45000076293945,-1.649999976158142,6.25,True,True,0,0,0,0,False,False,False,0,0,0,0,False,False,False,PF-feature co-occurrence lower bound; absence is not proof of no sensor overpass
2020:1570,2020,1570,2020-07-19 11:00:00+00:00,2020-07-19 14:00:00+00:00,4,4,4,318,318,25764.46875,46.64999771118164,50.04999923706055,20.850000381469727,25.649999618530273,True,True,0,0,0,0,False,False,False,0,0,0,0,False,False,False,PF-feature co-occurrence lower bound; absence is not proof of no sensor overpass
2020:1581,2020,1581,2020-07-20 12:00:00+00:00,2020-07-20 17:00:00+00:00,6,6,6,331,331,25140.41015625,50.64999771118164,53.64999771118164,15.449999809265137,21.049999237060547,True,True,0,0,0,0,False,False,False,0,0,0,0,False,False,False,PF-feature co-occurrence lower bound; absence is not proof of no sensor overpass
2020:1582,2020,1582,2020-07-20 12:00:00+00:00,2020-07-20 19:00:00+00:00,8,8,8,683,683,51420.4453125,49.14999771118164,54.94999694824219,15.449999809265137,22.649999618530273,True,True,0,0,0,0,False,False,False,0,0,0,0,False,False,False,PF-feature co-occurrence lower bound; absence is not proof of no sensor overpass
2020:1592,2020,1592,2020-07-20 17:00:00+00:00,2020-07-20 22:00:00+00:00,6,6,6,426,426,36555.3671875,45.04999923706055,47.14999771118164,29.649999618530273,34.25,True,True,0,0,0,0,False,False,False,0,0,0,0,False,False,False,PF-feature co-occurrence lower bound; absence is not proof of no sensor overpass
2020:1594,2020,1594,2020-07-20 23:00:00+00:00,2020-07-21 07:00:00+00:00,9,9,9,529,529,45849.6640625,44.04999923706055,47.04999923706055,32.54999923706055,40.04999923706055,True,True,0,0,0,0,False,False,False,0,0,0,0,False,False,False,PF-feature co-occurrence lower bound; absence is not proof of no sensor overpass
2020:1606,2020,1606,2020-07-21 19:00:00+00:00,2020-07-21 22:00:00+00:00,4,4,4,171,171,14546.251953125,45.64999771118164,47.04999923706055,4.650000095367432,7.849999904632568,True,True,0,0,0,0,False,False,False,0,0,0,0,False,False,False,PF-feature co-occurrence lower bound; absence is not proof of no sensor overpass
2020:1613,2020,1613,2020-07-22 13:00:00+00:00,2020-07-22 18:00:00+00:00,6,6,6,194,194,16602.83984375,45.04999923706055,46.849998474121094,13.84999942779541,16.44999885559082,True,True,0,0,0,0,False,False,False,0,0,0,0,False,False,False,PF-feature co-occurrence lower bound; absence is not proof of no sensor overpass
2020:1614,2020,1614,2020-07-22 14:00:00+00:00,2020-07-22 17:00:00+00:00,4,4,4,486,486,41828.765625,44.54999923706055,47.14999771118164,2.049999952316284,8.949999809265137,True,True,2,1,2,0,True,True,False,4,1,4,0,True,True,False,PF-feature co-occurrence lower bound; absence is not proof of no sensor overpass
2020:1617,2020,1617,2020-07-22 18:00:00+00:00,2020-07-23 03:00:00+00:00,10,9,9,394,394,34321.78515625,43.75,46.349998474121094,8.949999809265137,14.25,True,True,0,0,0,0,False,False,False,0,0,0,0,False,False,False,PF-feature co-occurrence lower bound; absence is not proof of no sensor overpass
2020:1625,2020,1625,2020-07-23 14:00:00+00:00,2020-07-23 18:00:00+00:00,5,5,5,407,407,36310.078125,42.14999771118164,45.54999923706055,17.850000381469727,22.149999618530273,True,True,2,1,2,0,True,True,False,3,1,3,0,True,True,False,PF-feature co-occurrence lower bound; absence is not proof of no sensor overpass
2020:1629,2020,1629,2020-07-23 22:00:00+00:00,2020-07-24 04:00:00+00:00,7,7,7,212,212,18140.169921875,45.54999923706055,46.95000076293945,10.949999809265137,14.75,True,True,0,0,0,0,False,False,False,0,0,0,0,False,False,False,PF-feature co-occurrence lower bound; absence is not proof of no sensor overpass
2020:1637,2020,1637,2020-07-24 03:00:00+00:00,2020-07-25 01:00:00+00:00,23,23,23,883,883,77810.59375,42.04999923706055,48.25,8.449999809265137,21.44999885559082,True,True,0,0,0,0,False,False,False,0,0,0,0,False,False,False,PF-feature co-occurrence lower bound; absence is not proof of no sensor overpass
2020:1641,2020,1641,2020-07-24 11:00:00+00:00,2020-07-24 15:00:00+00:00,5,5,5,232,232,20590.75390625,43.349998474121094,44.849998474121094,7.75,11.84999942779541,True,True,0,0,0,0,False,False,False,0,0,0,0,False,False,False,PF-feature co-occurrence lower bound; absence is not proof of no sensor overpass
2020:1647,2020,1647,2020-07-24 18:00:00+00:00,2020-07-24 22:00:00+00:00,5,5,5,336,336,30530.22265625,41.349998474121094,44.45000076293945,14.75,18.850000381469727,True,True,0,0,0,0,False,False,False,0,0,0,0,False,False,False,PF-feature co-occurrence lower bound; absence is not proof of no sensor overpass
2020:1648,2020,1648,2020-07-24 21:00:00+00:00,2020-07-25 05:00:00+00:00,9,9,9,311,311,27321.50390625,43.75,46.14999771118164,19.25,25.049999237060547,True,True,1,1,1,0,True,True,False,0,0,0,0,False,False,False,PF-feature co-occurrence lower bound; absence is not proof of no sensor overpass
2020:1656,2020,1656,2020-07-25 10:00:00+00:00,2020-07-25 15:00:00+00:00,6,6,6,387,387,31549.638671875,46.54999923706055,49.75,21.850000381469727,27.75,True,True,1,1,1,0,True,True,False,0,0,0,0,False,False,False,PF-feature co-occurrence lower bound; absence is not proof of no sensor overpass
2020:1658,2020,1658,2020-07-25 12:00:00+00:00,2020-07-25 21:00:00+00:00,10,10,10,836,836,74814.6484375,41.75,46.04999923706055,17.25,25.049999237060547,True,True,0,0,0,0,False,False,False,0,0,0,0,False,False,False,PF-feature co-occurrence lower bound; absence is not proof of no sensor overpass
2020:1692,2020,1692,2020-07-27 10:00:00+00:00,2020-07-27 16:00:00+00:00,7,7,7,373,373,30069.375,47.349998474121094,50.54999923706055,23.850000381469727,27.849998474121094,True,True,1,1,1,0,True,True,False,2,1,2,0,True,True,False,PF-feature co-occurrence lower bound; absence is not proof of no sensor overpass
2020:1693,2020,1693,2020-07-27 11:00:00+00:00,2020-07-27 17:00:00+00:00,7,7,7,221,221,18717.4609375,45.95000076293945,47.349998474121094,33.849998474121094,37.04999923706055,True,True,0,0,0,0,False,False,False,0,0,0,0,False,False,False,PF-feature co-occurrence lower bound; absence is not proof of no sensor overpass
2020:1699,2020,1699,2020-07-27 14:00:00+00:00,2020-07-27 17:00:00+00:00,4,4,4,266,266,20870.36328125,52.25,54.94999694824219,28.25,31.049999237060547,True,True,0,0,0,0,False,False,False,0,0,0,0,False,False,False,PF-feature co-occurrence lower bound; absence is not proof of no sensor overpass
2020:1715,2020,1715,2020-07-28 12:00:00+00:00,2020-07-28 16:00:00+00:00,5,5,5,307,307,26512.41015625,43.95000076293945,46.95000076293945,37.14999771118164,40.04999923706055,True,True,1,1,1,0,True,True,False,1,1,1,0,True,True,False,PF-feature co-occurrence lower bound; absence is not proof of no sensor overpass
2020:1719,2020,1719,2020-07-28 19:00:00+00:00,2020-07-28 21:00:00+00:00,3,3,3,366,366,66096.109375,51.14999771118164,54.94999694824219,20.75,23.649999618530273,True,True,0,0,0,0,False,False,False,0,0,0,0,False,False,False,PF-feature co-occurrence lower bound; absence is not proof of no sensor overpass
2020:1721,2020,1721,2020-07-28 16:00:00+00:00,2020-07-28 20:00:00+00:00,5,5,5,243,243,18603.12109375,50.54999923706055,52.64999771118164,17.149999618530273,21.75,True,True,0,0,0,0,False,False,False,0,0,0,0,False,False,False,PF-feature co-occurrence lower bound; absence is not proof of no sensor overpass
2020:1739,2020,1739,2020-07-29 14:00:00+00:00,2020-07-29 17:00:00+00:00,3,3,3,718,718,108331.765625,50.95000076293945,54.94999694824219,28.44999885559082,35.54999923706055,True,True,0,0,0,0,False,False,False,0,0,0,0,False,False,False,PF-feature co-occurrence lower bound; absence is not proof of no sensor overpass
2020:1743,2020,1743,2020-07-29 18:00:00+00:00,2020-07-29 21:00:00+00:00,4,4,4,858,858,96709.7734375,50.95000076293945,54.94999694824219,30.349998474121094,36.04999923706055,True,True,0,0,0,0,False,False,False,0,0,0,0,False,False,False,PF-feature co-occurrence lower bound; absence is not proof of no sensor overpass
2020:1771,2020,1771,2020-07-31 13:00:00+00:00,2020-08-01 03:00:00+00:00,15,15,15,1008,1008,85406.6484375,44.54999923706055,49.25,26.44999885559082,40.04999923706055,True,True,0,0,0,0,False,False,False,0,0,0,0,False,False,False,PF-feature co-occurrence lower bound; absence is not proof of no sensor overpass
2020:1772,2020,1772,2020-07-31 14:00:00+00:00,2020-07-31 17:00:00+00:00,4,4,4,188,188,15707.197265625,46.849998474121094,48.54999923706055,36.45000076293945,39.75,True,True,0,0,0,0,False,False,False,0,0,0,0,False,False,False,PF-feature co-occurrence lower bound; absence is not proof of no sensor overpass
2020:1773,2020,1773,2020-07-31 15:00:00+00:00,2020-07-31 22:00:00+00:00,8,8,8,385,385,32582.708984375,45.349998474121094,48.349998474121094,1.649999976158142,5.949999809265137,True,True,0,0,0,0,False,False,False,0,0,0,0,False,False,False,PF-feature co-occurrence lower bound; absence is not proof of no sensor overpass
2020:1780,2020,1780,2020-07-31 20:00:00+00:00,2020-08-01 00:00:00+00:00,5,5,5,235,235,22542.095703125,53.04999923706055,54.94999694824219,-2.1499998569488525,0.949999988079071,True,True,0,0,0,0,False,False,False,0,0,0,0,False,False,False,PF-feature co-occurrence lower bound; absence is not proof of no sensor overpass
2020:1798,2020,1798,2020-08-01 14:00:00+00:00,2020-08-01 22:00:00+00:00,9,9,9,264,264,22045.36328125,46.14999771118164,48.54999923706055,8.550000190734863,14.25,True,True,0,0,0,0,False,False,False,0,0,0,0,False,False,False,PF-feature co-occurrence lower bound; absence is not proof of no sensor overpass
2020:1800,2020,1800,2020-08-01 17:00:00+00:00,2020-08-01 21:00:00+00:00,5,5,5,239,239,19711.078125,46.849998474121094,49.25,5.349999904632568,8.649999618530273,True,True,0,0,0,0,False,False,False,0,0,0,0,False,False,False,PF-feature co-occurrence lower bound; absence is not proof of no sensor overpass
2020:1801,2020,1801,2020-08-01 18:00:00+00:00,2020-08-02 01:00:00+00:00,8,8,8,334,334,28980.63671875,43.75,48.25,4.25,8.649999618530273,True,True,0,0,0,0,False,False,False,0,0,0,0,False,False,False,PF-feature co-occurrence lower bound; absence is not proof of no sensor overpass
2020:1803,2020,1803,2020-08-01 19:00:00+00:00,2020-08-01 22:00:00+00:00,4,4,4,220,220,19167.251953125,44.25,45.849998474121094,7.349999904632568,10.25,True,True,0,0,0,0,False,False,False,0,0,0,0,False,False,False,PF-feature co-occurrence lower bound; absence is not proof of no sensor overpass
2020:1805,2020,1805,2020-08-01 20:00:00+00:00,2020-08-02 02:00:00+00:00,7,7,7,342,342,29832.70703125,43.95000076293945,46.849998474121094,10.050000190734863,14.049999237060547,True,True,0,0,0,0,False,False,False,0,0,0,0,False,False,False,PF-feature co-occurrence lower bound; absence is not proof of no sensor overpass
2020:1808,2020,1808,2020-08-02 00:00:00+00:00,2020-08-02 04:00:00+00:00,5,5,5,171,171,14593.072265625,45.75,46.95000076293945,12.449999809265137,15.149999618530273,True,True,1,1,1,0,True,True,False,0,0,0,0,False,False,False,PF-feature co-occurrence lower bound; absence is not proof of no sensor overpass
2020:1812,2020,1812,2020-08-02 11:00:00+00:00,2020-08-03 11:00:00+00:00,25,25,25,1659,1659,129584.015625,44.54999923706055,53.44999694824219,5.849999904632568,19.44999885559082,True,True,3,2,3,0,True,True,False,6,2,6,0,True,True,False,PF-feature co-occurrence lower bound; absence is not proof of no sensor overpass
2020:1828,2020,1828,2020-08-02 23:00:00+00:00,2020-08-03 02:00:00+00:00,4,4,4,131,131,11579.779296875,43.849998474121094,44.95000076293945,8.25,11.149999618530273,True,True,0,0,0,0,False,False,False,0,0,0,0,False,False,False,PF-feature co-occurrence lower bound; absence is not proof of no sensor overpass
2020:1829,2020,1829,2020-08-03 01:00:00+00:00,2020-08-03 06:00:00+00:00,6,6,6,379,379,35046.19921875,40.54999923706055,42.349998474121094,0.8499999642372131,5.650000095367432,True,True,0,0,0,0,False,False,False,0,0,0,0,False,False,False,PF-feature co-occurrence lower bound; absence is not proof of no sensor overpass
2020:1838,2020,1838,2020-08-03 12:00:00+00:00,2020-08-03 15:00:00+00:00,4,4,4,208,208,17794.0859375,45.25,47.45000076293945,13.949999809265137,16.149999618530273,True,True,1,1,1,0,True,True,False,3,1,3,0,True,True,False,PF-feature co-occurrence lower bound; absence is not proof of no sensor overpass
2020:1840,2020,1840,2020-08-03 19:00:00+00:00,2020-08-04 01:00:00+00:00,7,7,7,429,429,36797.3515625,43.45000076293945,47.349998474121094,13.049999237060547,18.649999618530273,True,True,0,0,0,0,False,False,False,0,0,0,0,False,False,False,PF-feature co-occurrence lower bound; absence is not proof of no sensor overpass
2020:1848,2020,1848,2020-08-04 11:00:00+00:00,2020-08-04 14:00:00+00:00,4,4,4,257,257,22749.8828125,42.75,45.54999923706055,11.949999809265137,14.649999618530273,True,True,0,0,0,0,False,False,False,0,0,0,0,False,False,False,PF-feature co-occurrence lower bound; absence is not proof of no sensor overpass
2020:1853,2020,1853,2020-08-05 02:00:00+00:00,2020-08-05 10:00:00+00:00,9,9,9,1126,1126,100402.421875,47.45000076293945,54.94999694824219,-9.949999809265137,-4.449999809265137,True,True,1,1,1,0,True,True,False,3,1,3,0,True,True,False,PF-feature co-occurrence lower bound; absence is not proof of no sensor overpass
2020:1854,2020,1854,2020-08-04 15:00:00+00:00,2020-08-04 19:00:00+00:00,5,5,5,595,595,50183.08203125,44.54999923706055,48.45000076293945,17.850000381469727,21.44999885559082,True,True,0,0,0,0,False,False,False,0,0,0,0,False,False,False,PF-feature co-occurrence lower bound; absence is not proof of no sensor overpass
2020:1855,2020,1855,2020-08-04 16:00:00+00:00,2020-08-04 20:00:00+00:00,5,5,5,276,276,24762.08984375,41.64999771118164,44.849998474121094,20.75,23.149999618530273,True,True,0,0,0,0,False,False,False,0,0,0,0,False,False,False,PF-feature co-occurrence lower bound; absence is not proof of no sensor overpass
2020:1862,2020,1862,2020-08-04 22:00:00+00:00,2020-08-05 04:00:00+00:00,7,6,6,62,62,5504.33154296875,43.75,44.54999923706055,12.550000190734863,13.84999942779541,True,True,1,1,1,0,True,True,False,0,0,0,0,False,False,False,PF-feature co-occurrence lower bound; absence is not proof of no sensor overpass
2020:1868,2020,1868,2020-08-05 05:00:00+00:00,2020-08-05 08:00:00+00:00,4,4,4,154,154,13889.2109375,42.54999923706055,43.64999771118164,12.75,15.149999618530273,True,True,0,0,0,0,False,False,False,0,0,0,0,False,False,False,PF-feature co-occurrence lower bound; absence is not proof of no sensor overpass
2020:1875,2020,1875,2020-08-05 11:00:00+00:00,2020-08-05 15:00:00+00:00,5,5,5,572,572,51797.921875,41.14999771118164,44.349998474121094,19.75,24.549999237060547,True,True,0,0,0,0,False,False,False,0,0,0,0,False,False,False,PF-feature co-occurrence lower bound; absence is not proof of no sensor overpass
2020:1877,2020,1877,2020-08-05 14:00:00+00:00,2020-08-05 17:00:00+00:00,4,4,4,142,142,13337.583984375,39.849998474121094,41.25,20.850000381469727,23.25,True,True,0,0,0,0,False,False,False,0,0,0,0,False,False,False,PF-feature co-occurrence lower bound; absence is not proof of no sensor overpass
2020:1878,2020,1878,2020-08-05 14:00:00+00:00,2020-08-05 19:00:00+00:00,6,6,6,390,390,36486.6875,39.14999771118164,41.95000076293945,14.149999618530273,18.44999885559082,True,True,0,0,0,0,False,False,False,0,0,0,0,False,False,False,PF-feature co-occurrence lower bound; absence is not proof of no sensor overpass
2020:1881,2020,1881,2020-08-05 18:00:00+00:00,2020-08-05 21:00:00+00:00,4,4,4,127,127,10866.8486328125,45.64999771118164,46.75,19.549999237060547,22.649999618530273,True,True,0,0,0,0,False,False,False,0,0,0,0,False,False,False,PF-feature co-occurrence lower bound; absence is not proof of no sensor overpass
2020:1897,2020,1897,2020-08-07 13:00:00+00:00,2020-08-08 01:00:00+00:00,13,13,13,562,562,50163.3046875,41.849998474121094,45.25,16.049999237060547,24.649999618530273,True,True,0,0,0,0,False,False,False,0,0,0,0,False,False,False,PF-feature co-occurrence lower bound; absence is not proof of no sensor overpass
2020:1930,2020,1930,2020-08-09 17:00:00+00:00,2020-08-09 20:00:00+00:00,4,4,4,486,486,40363.54296875,45.64999771118164,49.54999923706055,1.25,4.949999809265137,True,True,0,0,0,0,False,False,False,0,0,0,0,False,False,False,PF-feature co-occurrence lower bound; absence is not proof of no sensor overpass
2020:1937,2020,1937,2020-08-09 23:00:00+00:00,2020-08-10 06:00:00+00:00,8,7,7,356,356,30276.7421875,45.04999923706055,48.349998474121094,-4.449999809265137,-0.550000011920929,True,True,0,0,0,0,False,False,False,0,0,0,0,False,False,False,PF-feature co-occurrence lower bound; absence is not proof of no sensor overpass
2020:1942,2020,1942,2020-08-10 08:00:00+00:00,2020-08-10 17:00:00+00:00,10,10,10,604,604,45188.19921875,50.349998474121094,54.75,-7.949999809265137,-2.75,True,True,1,1,1,0,True,True,False,1,1,1,0,True,True,False,PF-feature co-occurrence lower bound; absence is not proof of no sensor overpass
2020:1949,2020,1949,2020-08-10 12:00:00+00:00,2020-08-10 17:00:00+00:00,6,6,6,185,185,14658.005859375,49.45000076293945,51.54999923706055,12.75,15.84999942779541,True,True,0,0,0,0,False,False,False,0,0,0,0,False,False,False,PF-feature co-occurrence lower bound; absence is not proof of no sensor overpass
2020:1959,2020,1959,2020-08-10 20:00:00+00:00,2020-08-11 00:00:00+00:00,5,5,5,100,100,9296.3828125,40.64999771118164,42.349998474121094,37.349998474121094,38.95000076293945,True,True,1,1,1,0,True,True,False,0,0,0,0,False,False,False,PF-feature co-occurrence lower bound; absence is not proof of no sensor overpass
2020:1962,2020,1962,2020-08-10 21:00:00+00:00,2020-08-11 05:00:00+00:00,9,9,9,347,347,32769.4921875,52.64999771118164,54.94999694824219,-4.949999809265137,-1.9499999284744263,True,True,0,0,0,0,False,False,False,1,1,1,0,True,True,False,PF-feature co-occurrence lower bound; absence is not proof of no sensor overpass
2020:1964,2020,1964,2020-08-11 01:00:00+00:00,2020-08-11 08:00:00+00:00,8,8,8,221,221,20242.416015625,41.14999771118164,43.75,38.14999771118164,40.04999923706055,True,True,1,1,1,0,True,True,False,0,0,0,0,False,False,False,PF-feature co-occurrence lower bound; absence is not proof of no sensor overpass
2020:1969,2020,1969,2020-08-11 13:00:00+00:00,2020-08-11 17:00:00+00:00,5,5,5,630,630,57519.96875,41.04999923706055,43.95000076293945,-8.550000190734863,-2.549999952316284,True,True,0,0,0,0,False,False,False,0,0,0,0,False,False,False,PF-feature co-occurrence lower bound; absence is not proof of no sensor overpass
2020:1991,2020,1991,2020-08-12 03:00:00+00:00,2020-08-13 03:00:00+00:00,25,25,25,723,723,61399.234375,43.849998474121094,51.44999694824219,-4.549999713897705,5.75,True,True,1,1,1,0,True,True,False,1,1,1,0,True,True,False,PF-feature co-occurrence lower bound; absence is not proof of no sensor overpass
2020:2007,2020,2007,2020-08-12 15:00:00+00:00,2020-08-12 19:00:00+00:00,5,5,5,679,679,59431.3125,43.14999771118164,46.95000076293945,-1.0499999523162842,2.450000047683716,True,True,0,0,0,0,False,False,False,0,0,0,0,False,False,False,PF-feature co-occurrence lower bound; absence is not proof of no sensor overpass
2020:2011,2020,2011,2020-08-12 16:00:00+00:00,2020-08-12 20:00:00+00:00,5,5,5,490,490,43892.5703125,42.45000076293945,45.25,-7.849999904632568,-1.4499999284744263,True,True,0,0,0,0,False,False,False,0,0,0,0,False,False,False,PF-feature co-occurrence lower bound; absence is not proof of no sensor overpass
2020:2012,2020,2012,2020-08-12 16:00:00+00:00,2020-08-13 01:00:00+00:00,10,10,10,665,665,49947.046875,51.25,54.14999771118164,-4.949999809265137,-0.44999998807907104,True,True,0,0,0,0,False,False,False,0,0,0,0,False,False,False,PF-feature co-occurrence lower bound; absence is not proof of no sensor overpass
2020:2014,2020,2014,2020-08-12 17:00:00+00:00,2020-08-12 21:00:00+00:00,5,5,5,162,162,12911.662109375,48.349998474121094,50.45000076293945,4.049999713897705,6.849999904632568,True,True,0,0,0,0,False,False,False,0,0,0,0,False,False,False,PF-feature co-occurrence lower bound; absence is not proof of no sensor overpass
2020:2029,2020,2029,2020-08-13 08:00:00+00:00,2020-08-13 13:00:00+00:00,6,6,6,164,164,12419.265625,51.64999771118164,52.94999694824219,-3.25,0.8499999642372131,True,True,0,0,0,0,False,False,False,1,1,1,0,True,True,False,PF-feature co-occurrence lower bound; absence is not proof of no sensor overpass
2020:2033,2020,2033,2020-08-13 13:00:00+00:00,2020-08-13 22:00:00+00:00,10,10,10,654,654,54149.53515625,45.64999771118164,49.54999923706055,11.550000190734863,18.350000381469727,True,True,0,0,0,0,False,False,False,0,0,0,0,False,False,False,PF-feature co-occurrence lower bound; absence is not proof of no sensor overpass
2020:2037,2020,2037,2020-08-13 15:00:00+00:00,2020-08-13 19:00:00+00:00,5,5,5,477,477,41317.390625,43.849998474121094,47.04999923706055,3.25,7.849999904632568,True,True,0,0,0,0,False,False,False,0,0,0,0,False,False,False,PF-feature co-occurrence lower bound; absence is not proof of no sensor overpass
2020:2043,2020,2043,2020-08-13 18:00:00+00:00,2020-08-13 22:00:00+00:00,5,5,5,163,163,13798.720703125,46.04999923706055,47.54999923706055,11.25,14.75,True,True,0,0,0,0,False,False,False,0,0,0,0,False,False,False,PF-feature co-occurrence lower bound; absence is not proof of no sensor overpass
2020:2045,2020,2045,2020-08-13 19:00:00+00:00,2020-08-13 22:00:00+00:00,4,4,4,290,290,21860.3515625,51.64999771118164,53.04999923706055,4.949999809265137,9.050000190734863,True,True,0,0,0,0,False,False,False,0,0,0,0,False,False,False,PF-feature co-occurrence lower bound; absence is not proof of no sensor overpass
2020:2052,2020,2052,2020-08-14 01:00:00+00:00,2020-08-14 07:00:00+00:00,7,7,7,386,386,28780.42578125,52.14999771118164,53.54999923706055,1.149999976158142,7.849999904632568,True,True,1,1,1,0,True,True,False,0,0,0,0,False,False,False,PF-feature co-occurrence lower bound; absence is not proof of no sensor overpass
2020:2055,2020,2055,2020-08-14 11:00:00+00:00,2020-08-14 22:00:00+00:00,12,12,12,631,631,54828.7890625,43.75,48.14999771118164,10.050000190734863,19.549999237060547,True,True,0,0,0,0,False,False,False,0,0,0,0,False,False,False,PF-feature co-occurrence lower bound; absence is not proof of no sensor overpass
2020:2056,2020,2056,2020-08-14 11:00:00+00:00,2020-08-14 17:00:00+00:00,7,7,7,514,514,40695.8515625,48.64999771118164,51.64999771118164,13.149999618530273,18.75,True,True,0,0,0,0,False,False,False,0,0,0,0,False,False,False,PF-feature co-occurrence lower bound; absence is not proof of no sensor overpass
2020:2064,2020,2064,2020-08-14 22:00:00+00:00,2020-08-15 07:00:00+00:00,10,10,10,567,567,49356.71484375,43.849998474121094,46.45000076293945,19.549999237060547,27.549999237060547,True,True,1,1,1,0,True,True,False,3,1,3,0,True,True,False,PF-feature co-occurrence lower bound; absence is not proof of no sensor overpass
2020:2069,2020,2069,2020-08-15 00:00:00+00:00,2020-08-15 06:00:00+00:00,7,7,7,223,223,32720.099609375,51.14999771118164,52.75,-9.949999809265137,-6.549999713897705,True,True,1,1,1,0,True,True,False,0,0,0,0,False,False,False,PF-feature co-occurrence lower bound; absence is not proof of no sensor overpass
2020:2070,2020,2070,2020-08-15 03:00:00+00:00,2020-08-15 06:00:00+00:00,4,4,4,370,370,32408.2890625,43.54999923706055,45.95000076293945,-3.6499998569488525,0.8499999642372131,True,True,0,0,0,0,False,False,False,0,0,0,0,False,False,False,PF-feature co-occurrence lower bound; absence is not proof of no sensor overpass
2020:2072,2020,2072,2020-08-15 09:00:00+00:00,2020-08-15 20:00:00+00:00,12,11,11,934,934,84243.0625,41.25,45.75,18.850000381469727,25.149999618530273,True,True,0,0,0,0,False,False,False,0,0,0,0,False,False,False,PF-feature co-occurrence lower bound; absence is not proof of no sensor overpass
2020:2085,2020,2085,2020-08-15 19:00:00+00:00,2020-08-16 00:00:00+00:00,6,6,6,843,843,72230.71875,44.25,47.95000076293945,-2.950000047683716,2.950000047683716,True,True,0,0,0,0,False,False,False,0,0,0,0,False,False,False,PF-feature co-occurrence lower bound; absence is not proof of no sensor overpass
2020:2094,2020,2094,2020-08-16 09:00:00+00:00,2020-08-16 23:00:00+00:00,15,15,15,1002,1002,75293.796875,48.849998474121094,54.64999771118164,-4.349999904632568,7.549999713897705,True,True,0,0,0,0,False,False,False,0,0,0,0,False,False,False,PF-feature co-occurrence lower bound; absence is not proof of no sensor overpass
2020:2100,2020,2100,2020-08-16 17:00:00+00:00,2020-08-17 00:00:00+00:00,8,8,8,320,320,27312.55078125,44.849998474121094,50.25,3.8499999046325684,8.050000190734863,True,True,0,0,0,0,False,False,False,0,0,0,0,False,False,False,PF-feature co-occurrence lower bound; absence is not proof of no sensor overpass
2020:2103,2020,2103,2020-08-16 18:00:00+00:00,2020-08-16 23:00:00+00:00,6,6,6,103,103,8468.5185546875,47.849998474121094,48.95000076293945,8.649999618530273,11.050000190734863,True,True,0,0,0,0,False,False,False,0,0,0,0,False,False,False,PF-feature co-occurrence lower bound; absence is not proof of no sensor overpass
2020:2104,2020,2104,2020-08-16 19:00:00+00:00,2020-08-17 03:00:00+00:00,9,9,9,341,341,28100.5625,45.95000076293945,49.64999771118164,6.349999904632568,9.949999809265137,True,True,0,0,0,0,False,False,False,0,0,0,0,False,False,False,PF-feature co-occurrence lower bound; absence is not proof of no sensor overpass
2020:2137,2020,2137,2020-08-17 23:00:00+00:00,2020-08-18 03:00:00+00:00,5,5,5,372,372,32128.484375,43.95000076293945,47.04999923706055,17.049999237060547,20.94999885559082,True,True,0,0,0,0,False,False,False,0,0,0,0,False,False,False,PF-feature co-occurrence lower bound; absence is not proof of no sensor overpass
2020:2140,2020,2140,2020-08-18 07:00:00+00:00,2020-08-18 11:00:00+00:00,5,4,4,326,326,28457.7578125,44.04999923706055,45.75,11.84999942779541,15.549999237060547,True,True,0,0,0,0,False,False,False,0,0,0,0,False,False,False,PF-feature co-occurrence lower bound; absence is not proof of no sensor overpass
2020:2141,2020,2141,2020-08-18 08:00:00+00:00,2020-08-18 20:00:00+00:00,13,12,12,1145,1145,101287.5078125,41.849998474121094,46.349998474121094,12.75,22.649999618530273,True,True,0,0,0,0,False,False,False,0,0,0,0,False,False,False,PF-feature co-occurrence lower bound; absence is not proof of no sensor overpass
2020:2148,2020,2148,2020-08-18 18:00:00+00:00,2020-08-18 22:00:00+00:00,5,5,5,211,211,18971.408203125,41.95000076293945,44.349998474121094,21.149999618530273,23.75,True,True,0,0,0,0,False,False,False,0,0,0,0,False,False,False,PF-feature co-occurrence lower bound; absence is not proof of no sensor overpass
2020:2176,2020,2176,2020-08-19 21:00:00+00:00,2020-08-20 01:00:00+00:00,5,5,5,202,202,18945.16015625,39.849998474121094,41.64999771118164,22.75,26.849998474121094,True,True,0,0,0,0,False,False,False,0,0,0,0,False,False,False,PF-feature co-occurrence lower bound; absence is not proof of no sensor overpass
2020:2193,2020,2193,2020-08-20 16:00:00+00:00,2020-08-20 22:00:00+00:00,7,7,7,194,194,17878.3515625,40.25,43.14999771118164,34.95000076293945,38.04999923706055,True,True,0,0,0,0,False,False,False,0,0,0,0,False,False,False,PF-feature co-occurrence lower bound; absence is not proof of no sensor overpass
2020:2200,2020,2200,2020-08-20 22:00:00+00:00,2020-08-21 04:00:00+00:00,7,7,7,258,258,24099.572265625,52.94999694824219,54.94999694824219,5.049999713897705,11.25,True,True,0,0,0,0,False,False,False,0,0,0,0,False,False,False,PF-feature co-occurrence lower bound; absence is not proof of no sensor overpass
2020:2205,2020,2205,2020-08-21 03:00:00+00:00,2020-08-21 05:00:00+00:00,3,3,3,175,175,30059.92578125,53.14999771118164,54.94999694824219,1.4499999284744263,5.150000095367432,True,True,0,0,0,0,False,False,False,0,0,0,0,False,False,False,PF-feature co-occurrence lower bound; absence is not proof of no sensor overpass
2020:2208,2020,2208,2020-08-21 05:00:00+00:00,2020-08-21 09:00:00+00:00,5,5,5,118,118,10928.294921875,40.95000076293945,42.14999771118164,38.25,40.04999923706055,True,True,0,0,0,0,False,False,False,0,0,0,0,False,False,False,PF-feature co-occurrence lower bound; absence is not proof of no sensor overpass
2020:2210,2020,2210,2020-08-21 07:00:00+00:00,2020-08-21 12:00:00+00:00,5,5,5,1210,1210,207671.921875,49.95000076293945,54.94999694824219,4.949999809265137,12.34999942779541,True,True,0,0,0,0,False,False,False,0,0,0,0,False,False,False,PF-feature co-occurrence lower bound; absence is not proof of no sensor overpass
2020:2236,2020,2236,2020-08-22 11:00:00+00:00,2020-08-22 23:00:00+00:00,13,11,11,179,179,16767.40234375,39.849998474121094,41.54999923706055,37.349998474121094,40.04999923706055,True,True,0,0,0,0,False,False,False,0,0,0,0,False,False,False,PF-feature co-occurrence lower bound; absence is not proof of no sensor overpass
2020:2238,2020,2238,2020-08-22 12:00:00+00:00,2020-08-22 21:00:00+00:00,10,10,10,808,808,66901.296875,45.95000076293945,50.14999771118164,9.050000190734863,17.75,True,True,0,0,0,0,False,False,False,0,0,0,0,False,False,False,PF-feature co-occurrence lower bound; absence is not proof of no sensor overpass
2020:2257,2020,2257,2020-08-23 08:00:00+00:00,2020-08-23 14:00:00+00:00,7,7,7,676,676,52907.234375,47.64999771118164,53.14999771118164,19.350000381469727,24.44999885559082,True,True,0,0,0,0,False,False,False,0,0,0,0,False,False,False,PF-feature co-occurrence lower bound; absence is not proof of no sensor overpass
2020:2263,2020,2263,2020-08-23 15:00:00+00:00,2020-08-23 23:00:00+00:00,9,9,9,354,354,30750.75,44.349998474121094,46.95000076293945,10.050000190734863,15.649999618530273,True,True,0,0,0,0,False,False,False,0,0,0,0,False,False,False,PF-feature co-occurrence lower bound; absence is not proof of no sensor overpass
2020:2265,2020,2265,2020-08-23 16:00:00+00:00,2020-08-23 20:00:00+00:00,5,5,5,299,299,23346.2265625,49.54999923706055,51.94999694824219,23.549999237060547,27.94999885559082,True,True,0,0,0,0,False,False,False,0,0,0,0,False,False,False,PF-feature co-occurrence lower bound; absence is not proof of no sensor overpass
2020:2279,2020,2279,2020-08-24 10:00:00+00:00,2020-08-24 17:00:00+00:00,8,8,8,448,448,38038.09375,44.25,48.349998474121094,24.649999618530273,29.049999237060547,True,True,0,0,0,0,False,False,False,0,0,0,0,False,False,False,PF-feature co-occurrence lower bound; absence is not proof of no sensor overpass
2020:2283,2020,2283,2020-08-24 16:00:00+00:00,2020-08-25 08:00:00+00:00,17,17,17,940,940,83335.6796875,41.75,47.849998474121094,11.649999618530273,22.649999618530273,True,True,0,0,0,0,False,False,False,0,0,0,0,False,False,False,PF-feature co-occurrence lower bound; absence is not proof of no sensor overpass
2020:2297,2020,2297,2020-08-25 11:00:00+00:00,2020-08-25 23:00:00+00:00,13,13,13,583,583,54333.46875,38.75,46.14999771118164,20.049999237060547,26.149999618530273,True,True,0,0,0,0,False,False,False,0,0,0,0,False,False,False,PF-feature co-occurrence lower bound; absence is not proof of no sensor overpass
2020:2311,2020,2311,2020-08-26 13:00:00+00:00,2020-08-26 22:00:00+00:00,10,10,10,800,800,60919.9296875,49.54999923706055,54.04999923706055,18.350000381469727,28.25,True,True,0,0,0,0,False,False,False,0,0,0,0,False,False,False,PF-feature co-occurrence lower bound; absence is not proof of no sensor overpass
2020:2348,2020,2348,2020-08-29 06:00:00+00:00,2020-08-29 13:00:00+00:00,8,8,8,491,491,45637.3046875,39.25,43.95000076293945,1.5499999523162842,6.549999713897705,True,True,0,0,0,0,False,False,False,0,0,0,0,False,False,False,PF-feature co-occurrence lower bound; absence is not proof of no sensor overpass
2020:2350,2020,2350,2020-08-29 07:00:00+00:00,2020-08-30 04:00:00+00:00,22,22,22,1176,1176,96625.4453125,43.95000076293945,53.94999694824219,8.550000190734863,23.44999885559082,True,True,2,2,2,0,True,True,False,3,1,3,0,True,True,False,PF-feature co-occurrence lower bound; absence is not proof of no sensor overpass
2020:2356,2020,2356,2020-08-29 16:00:00+00:00,2020-08-30 11:00:00+00:00,20,20,20,2262,2262,193554.375,37.75,51.44999694824219,-1.149999976158142,16.94999885559082,True,True,2,2,2,0,True,True,False,1,1,1,0,True,True,False,PF-feature co-occurrence lower bound; absence is not proof of no sensor overpass
2020:2369,2020,2369,2020-08-29 23:00:00+00:00,2020-08-30 02:00:00+00:00,4,4,4,208,208,19905.126953125,38.14999771118164,40.04999923706055,3.75,7.349999904632568,True,True,0,0,0,0,False,False,False,0,0,0,0,False,False,False,PF-feature co-occurrence lower bound; absence is not proof of no sensor overpass
2020:2376,2020,2376,2020-08-30 10:00:00+00:00,2020-08-30 17:00:00+00:00,8,8,8,396,396,33369.7421875,44.849998474121094,49.95000076293945,12.75,18.549999237060547,True,True,0,0,0,0,False,False,False,0,0,0,0,False,False,False,PF-feature co-occurrence lower bound; absence is not proof of no sensor overpass
2020:2383,2020,2383,2020-08-30 14:00:00+00:00,2020-08-30 20:00:00+00:00,7,7,7,410,410,73490.109375,53.04999923706055,54.94999694824219,26.149999618530273,32.64999771118164,True,True,0,0,0,0,False,False,False,1,1,1,0,True,True,False,PF-feature co-occurrence lower bound; absence is not proof of no sensor overpass
2020:2386,2020,2386,2020-08-30 17:00:00+00:00,2020-08-31 00:00:00+00:00,8,8,8,577,577,61682.51953125,51.44999694824219,54.94999694824219,18.549999237060547,28.549999237060547,True,True,0,0,0,0,False,False,False,0,0,0,0,False,False,False,PF-feature co-occurrence lower bound; absence is not proof of no sensor overpass
2020:2389,2020,2389,2020-08-30 18:00:00+00:00,2020-08-30 21:00:00+00:00,4,4,4,415,415,31701.826171875,49.849998474121094,53.04999923706055,15.549999237060547,19.850000381469727,True,True,0,0,0,0,False,False,False,0,0,0,0,False,False,False,PF-feature co-occurrence lower bound; absence is not proof of no sensor overpass
2020:2432,2020,2432,2020-09-01 23:00:00+00:00,2020-09-02 08:00:00+00:00,10,10,10,386,386,37650.390625,36.54999923706055,39.45000076293945,4.75,9.84999942779541,True,True,3,1,3,0,True,True,False,0,0,0,0,False,False,False,PF-feature co-occurrence lower bound; absence is not proof of no sensor overpass
2020:2484,2020,2484,2020-09-05 04:00:00+00:00,2020-09-05 15:00:00+00:00,12,12,12,482,482,41375.78125,42.45000076293945,47.25,34.849998474121094,39.54999923706055,True,True,0,0,0,0,False,False,False,0,0,0,0,False,False,False,PF-feature co-occurrence lower bound; absence is not proof of no sensor overpass
2020:2486,2020,2486,2020-09-05 05:00:00+00:00,2020-09-05 16:00:00+00:00,12,12,12,472,472,47490.5390625,33.95000076293945,36.849998474121094,8.34999942779541,12.25,True,True,0,0,0,0,False,False,False,0,0,0,0,False,False,False,PF-feature co-occurrence lower bound; absence is not proof of no sensor overpass
2020:2487,2020,2487,2020-09-05 12:00:00+00:00,2020-09-05 20:00:00+00:00,9,9,9,486,486,37731.73828125,49.25,52.14999771118164,13.25,20.350000381469727,True,True,0,0,0,0,False,False,False,0,0,0,0,False,False,False,PF-feature co-occurrence lower bound; absence is not proof of no sensor overpass
2020:2505,2020,2505,2020-09-06 08:00:00+00:00,2020-09-06 16:00:00+00:00,9,9,9,300,300,30097.46875,34.349998474121094,37.04999923706055,9.550000190734863,12.550000190734863,True,True,0,0,0,0,False,False,False,0,0,0,0,False,False,False,PF-feature co-occurrence lower bound; absence is not proof of no sensor overpass
2020:2517,2020,2517,2020-09-06 22:00:00+00:00,2020-09-07 19:00:00+00:00,22,22,22,774,774,73508.75,36.75,42.45000076293945,0.75,5.849999904632568,True,True,0,0,0,0,False,False,False,0,0,0,0,False,False,False,PF-feature co-occurrence lower bound; absence is not proof of no sensor overpass
2020:2527,2020,2527,2020-09-07 23:00:00+00:00,2020-09-08 05:00:00+00:00,7,7,7,179,179,17573.162109375,36.75,38.25,6.049999713897705,9.449999809265137,True,True,1,1,1,0,True,True,False,2,1,2,0,True,True,False,PF-feature co-occurrence lower bound; absence is not proof of no sensor overpass
2020:2531,2020,2531,2020-09-08 11:00:00+00:00,2020-09-08 15:00:00+00:00,5,5,5,125,125,11476.9140625,41.45000076293945,42.54999923706055,1.649999976158142,5.349999904632568,True,True,0,0,0,0,False,False,False,0,0,0,0,False,False,False,PF-feature co-occurrence lower bound; absence is not proof of no sensor overpass
2020:2533,2020,2533,2020-09-08 14:00:00+00:00,2020-09-09 01:00:00+00:00,12,12,12,432,432,40155.59375,39.45000076293945,42.349998474121094,0.8499999642372131,6.349999904632568,True,True,1,1,1,0,True,True,False,0,0,0,0,False,False,False,PF-feature co-occurrence lower bound; absence is not proof of no sensor overpass
2020:2534,2020,2534,2020-09-08 18:00:00+00:00,2020-09-08 23:00:00+00:00,6,6,6,164,164,16214.884765625,36.04999923706055,38.64999771118164,7.049999713897705,9.149999618530273,True,True,0,0,0,0,False,False,False,0,0,0,0,False,False,False,PF-feature co-occurrence lower bound; absence is not proof of no sensor overpass
2020:2538,2020,2538,2020-09-08 23:00:00+00:00,2020-09-09 03:00:00+00:00,5,5,5,155,155,14187.91796875,41.349998474121094,43.25,4.449999809265137,6.75,True,True,1,1,1,0,True,True,False,0,0,0,0,False,False,False,PF-feature co-occurrence lower bound; absence is not proof of no sensor overpass
2020:2540,2020,2540,2020-09-09 03:00:00+00:00,2020-09-09 09:00:00+00:00,7,7,7,203,203,18412.1328125,41.54999923706055,44.04999923706055,1.350000023841858,3.8499999046325684,True,True,0,0,0,0,False,False,False,0,0,0,0,False,False,False,PF-feature co-occurrence lower bound; absence is not proof of no sensor overpass
2020:2542,2020,2542,2020-09-09 06:00:00+00:00,2020-09-09 09:00:00+00:00,4,4,4,332,332,32698.251953125,35.64999771118164,38.849998474121094,3.75,6.25,True,True,0,0,0,0,False,False,False,0,0,0,0,False,False,False,PF-feature co-occurrence lower bound; absence is not proof of no sensor overpass
2020:2543,2020,2543,2020-09-09 08:00:00+00:00,2020-09-09 15:00:00+00:00,8,8,8,321,321,30401.171875,38.349998474121094,43.04999923706055,5.449999809265137,8.649999618530273,True,True,0,0,0,0,False,False,False,0,0,0,0,False,False,False,PF-feature co-occurrence lower bound; absence is not proof of no sensor overpass
2020:2547,2020,2547,2020-09-09 17:00:00+00:00,2020-09-10 07:00:00+00:00,15,15,15,786,786,73405.0,34.45000076293945,43.75,3.8499999046325684,9.949999809265137,True,True,2,1,2,0,True,True,False,3,1,3,0,True,True,False,PF-feature co-occurrence lower bound; absence is not proof of no sensor overpass
2020:2556,2020,2556,2020-09-10 03:00:00+00:00,2020-09-10 22:00:00+00:00,20,19,19,929,929,89189.875,36.04999923706055,42.64999771118164,4.25,11.949999809265137,True,True,1,1,1,0,True,True,False,0,0,0,0,False,False,False,PF-feature co-occurrence lower bound; absence is not proof of no sensor overpass
2020:2557,2020,2557,2020-09-10 05:00:00+00:00,2020-09-10 08:00:00+00:00,4,4,4,72,72,6937.888671875,38.04999923706055,39.64999771118164,7.649999618530273,9.550000190734863,True,True,0,0,0,0,False,False,False,0,0,0,0,False,False,False,PF-feature co-occurrence lower bound; absence is not proof of no sensor overpass
2020:2567,2020,2567,2020-09-10 16:00:00+00:00,2020-09-10 23:00:00+00:00,8,8,8,289,289,29112.447265625,34.45000076293945,36.849998474121094,7.25,12.84999942779541,True,True,0,0,0,0,False,False,False,0,0,0,0,False,False,False,PF-feature co-occurrence lower bound; absence is not proof of no sensor overpass
2020:2570,2020,2570,2020-09-10 19:00:00+00:00,2020-09-11 03:00:00+00:00,9,9,9,227,227,21209.28125,39.75,41.95000076293945,5.75,8.25,True,True,1,1,1,0,True,True,False,3,1,3,0,True,True,False,PF-feature co-occurrence lower bound; absence is not proof of no sensor overpass
2020:2572,2020,2572,2020-09-11 02:00:00+00:00,2020-09-11 09:00:00+00:00,8,8,8,293,293,27844.474609375,38.25,40.849998474121094,11.050000190734863,14.449999809265137,True,True,0,0,0,0,False,False,False,0,0,0,0,False,False,False,PF-feature co-occurrence lower bound; absence is not proof of no sensor overpass
2020:2576,2020,2576,2020-09-11 14:00:00+00:00,2020-09-11 17:00:00+00:00,4,4,4,182,182,17095.1796875,39.75,41.349998474121094,7.449999809265137,9.75,True,True,1,1,1,0,True,True,False,0,0,0,0,False,False,False,PF-feature co-occurrence lower bound; absence is not proof of no sensor overpass
2020:2579,2020,2579,2020-09-11 18:00:00+00:00,2020-09-11 23:00:00+00:00,6,6,6,110,110,10811.15625,36.75,38.04999923706055,5.949999809265137,7.949999809265137,True,True,0,0,0,0,False,False,False,0,0,0,0,False,False,False,PF-feature co-occurrence lower bound; absence is not proof of no sensor overpass
2020:2583,2020,2583,2020-09-11 22:00:00+00:00,2020-09-12 08:00:00+00:00,11,11,11,310,310,29212.861328125,39.349998474121094,41.349998474121094,7.849999904632568,12.050000190734863,True,True,1,1,1,0,True,True,False,0,0,0,0,False,False,False,PF-feature co-occurrence lower bound; absence is not proof of no sensor overpass
2020:2587,2020,2587,2020-09-12 07:00:00+00:00,2020-09-12 13:00:00+00:00,7,7,7,217,217,22258.275390625,33.25,34.849998474121094,14.649999618530273,17.850000381469727,True,True,0,0,0,0,False,False,False,0,0,0,0,False,False,False,PF-feature co-occurrence lower bound; absence is not proof of no sensor overpass
2020:2614,2020,2614,2020-09-13 09:00:00+00:00,2020-09-13 16:00:00+00:00,8,8,8,386,386,38414.890625,34.349998474121094,38.04999923706055,13.34999942779541,17.149999618530273,True,True,1,1,1,0,True,True,False,1,1,1,0,True,True,False,PF-feature co-occurrence lower bound; absence is not proof of no sensor overpass
2020:2621,2020,2621,2020-09-13 19:00:00+00:00,2020-09-13 23:00:00+00:00,5,4,4,195,195,19116.583984375,36.45000076293945,38.54999923706055,9.75,11.449999809265137,True,True,0,0,0,0,False,False,False,0,0,0,0,False,False,False,PF-feature co-occurrence lower bound; absence is not proof of no sensor overpass
2020:2634,2020,2634,2020-09-14 16:00:00+00:00,2020-09-14 20:00:00+00:00,5,5,5,137,137,12332.484375,42.25,44.45000076293945,-7.75,-5.549999713897705,True,True,0,0,0,0,False,False,False,0,0,0,0,False,False,False,PF-feature co-occurrence lower bound; absence is not proof of no sensor overpass
2020:2636,2020,2636,2020-09-14 19:00:00+00:00,2020-09-15 00:00:00+00:00,6,6,6,166,166,15031.4404296875,42.04999923706055,45.25,-5.75,-3.549999952316284,True,True,0,0,0,0,False,False,False,0,0,0,0,False,False,False,PF-feature co-occurrence lower bound; absence is not proof of no sensor overpass
2020:2652,2020,2652,2020-09-15 11:00:00+00:00,2020-09-15 16:00:00+00:00,6,6,6,306,306,31494.9609375,32.45000076293945,34.64999771118164,15.049999237060547,17.649999618530273,True,True,1,1,1,0,True,True,False,0,0,0,0,False,False,False,PF-feature co-occurrence lower bound; absence is not proof of no sensor overpass
2020:2656,2020,2656,2020-09-16 07:00:00+00:00,2020-09-16 10:00:00+00:00,4,4,4,73,73,22310.89453125,41.64999771118164,43.64999771118164,-9.949999809265137,-9.550000190734863,True,True,0,0,0,0,False,False,False,0,0,0,0,False,False,False,PF-feature co-occurrence lower bound; absence is not proof of no sensor overpass
2020:2673,2020,2673,2020-09-17 05:00:00+00:00,2020-09-17 18:00:00+00:00,13,13,13,1075,1075,130431.1328125,50.14999771118164,54.94999694824219,25.849998474121094,38.54999923706055,True,True,0,0,0,0,False,False,False,0,0,0,0,False,False,False,PF-feature co-occurrence lower bound; absence is not proof of no sensor overpass
2020:2675,2020,2675,2020-09-17 02:00:00+00:00,2020-09-17 06:00:00+00:00,5,5,5,300,300,24961.822265625,46.75,48.349998474121094,11.34999942779541,15.449999809265137,True,True,0,0,0,0,False,False,False,0,0,0,0,False,False,False,PF-feature co-occurrence lower bound; absence is not proof of no sensor overpass
2020:2678,2020,2678,2020-09-17 05:00:00+00:00,2020-09-17 09:00:00+00:00,5,5,5,287,287,25674.76953125,42.45000076293945,45.54999923706055,-8.550000190734863,-5.25,True,True,0,0,0,0,False,False,False,0,0,0,0,False,False,False,PF-feature co-occurrence lower bound; absence is not proof of no sensor overpass
2020:2679,2020,2679,2020-09-17 06:00:00+00:00,2020-09-17 10:00:00+00:00,5,5,5,184,184,17739.951171875,37.75,39.54999923706055,15.84999942779541,18.350000381469727,True,True,0,0,0,0,False,False,False,0,0,0,0,False,False,False,PF-feature co-occurrence lower bound; absence is not proof of no sensor overpass
2020:2695,2020,2695,2020-09-17 20:00:00+00:00,2020-09-17 23:00:00+00:00,4,4,4,658,658,61287.4453125,39.849998474121094,42.64999771118164,-8.949999809265137,-0.550000011920929,True,True,0,0,0,0,False,False,False,0,0,0,0,False,False,False,PF-feature co-occurrence lower bound; absence is not proof of no sensor overpass
2020:2702,2020,2702,2020-09-18 01:00:00+00:00,2020-09-18 18:00:00+00:00,18,18,18,617,617,81864.625,36.349998474121094,41.64999771118164,-9.949999809265137,-0.44999998807907104,True,True,1,1,1,0,True,True,False,1,1,1,0,True,True,False,PF-feature co-occurrence lower bound; absence is not proof of no sensor overpass
2020:2718,2020,2718,2020-09-18 15:00:00+00:00,2020-09-19 00:00:00+00:00,10,10,10,313,313,28310.04296875,41.54999923706055,46.45000076293945,-1.75,1.350000023841858,True,True,2,1,2,0,True,True,False,1,1,1,0,True,True,False,PF-feature co-occurrence lower bound; absence is not proof of no sensor overpass
2020:272,2020,272,2020-05-19 10:00:00+00:00,2020-05-19 13:00:00+00:00,4,4,4,306,306,27221.740234375,42.95000076293945,44.95000076293945,8.25,11.449999809265137,True,True,2,1,2,0,True,True,False,3,1,3,0,True,True,False,PF-feature co-occurrence lower bound; absence is not proof of no sensor overpass
2020:2721,2020,2721,2020-09-18 19:00:00+00:00,2020-09-18 23:00:00+00:00,5,5,5,275,275,27151.986328125,35.45000076293945,38.349998474121094,1.0499999523162842,4.949999809265137,True,True,1,1,1,0,True,True,False,1,1,1,0,True,True,False,PF-feature co-occurrence lower bound; absence is not proof of no sensor overpass
2020:2732,2020,2732,2020-09-19 03:00:00+00:00,2020-09-19 06:00:00+00:00,4,4,4,245,245,22433.236328125,41.349998474121094,43.64999771118164,-1.0499999523162842,1.649999976158142,True,True,0,0,0,0,False,False,False,0,0,0,0,False,False,False,PF-feature co-occurrence lower bound; absence is not proof of no sensor overpass
2020:2736,2020,2736,2020-09-19 05:00:00+00:00,2020-09-20 13:00:00+00:00,33,33,33,695,695,69573.1015625,32.64999771118164,37.75,20.549999237060547,28.049999237060547,True,True,2,2,2,0,True,True,False,8,1,8,0,True,True,False,PF-feature co-occurrence lower bound; absence is not proof of no sensor overpass
2020:274,2020,274,2020-05-19 13:00:00+00:00,2020-05-19 18:00:00+00:00,6,6,6,433,433,38487.859375,42.54999923706055,45.54999923706055,19.649999618530273,24.25,True,True,0,0,0,0,False,False,False,0,0,0,0,False,False,False,PF-feature co-occurrence lower bound; absence is not proof of no sensor overpass
2020:2747,2020,2747,2020-09-19 22:00:00+00:00,2020-09-20 03:00:00+00:00,6,5,5,182,182,16128.13671875,42.64999771118164,45.54999923706055,1.350000023841858,4.75,True,True,0,0,0,0,False,False,False,0,0,0,0,False,False,False,PF-feature co-occurrence lower bound; absence is not proof of no sensor overpass
2020:2753,2020,2753,2020-09-20 12:00:00+00:00,2020-09-20 19:00:00+00:00,8,8,8,310,310,27935.625,42.349998474121094,44.45000076293945,9.149999618530273,14.049999237060547,True,True,1,1,1,0,True,True,False,0,0,0,0,False,False,False,PF-feature co-occurrence lower bound; absence is not proof of no sensor overpass
2020:2764,2020,2764,2020-09-21 04:00:00+00:00,2020-09-21 08:00:00+00:00,5,5,5,58,58,5389.4267578125,40.95000076293945,41.75,2.3499999046325684,4.25,True,True,0,0,0,0,False,False,False,0,0,0,0,False,False,False,PF-feature co-occurrence lower bound; absence is not proof of no sensor overpass
2020:2765,2020,2765,2020-09-21 06:00:00+00:00,2020-09-21 12:00:00+00:00,7,7,7,103,103,9584.3798828125,39.45000076293945,41.75,12.949999809265137,15.34999942779541,True,True,0,0,0,0,False,False,False,0,0,0,0,False,False,False,PF-feature co-occurrence lower bound; absence is not proof of no sensor overpass
2020:2770,2020,2770,2020-09-21 13:00:00+00:00,2020-09-21 19:00:00+00:00,7,7,7,235,235,21184.953125,41.75,44.14999771118164,11.550000190734863,15.25,True,True,0,0,0,0,False,False,False,0,0,0,0,False,False,False,PF-feature co-occurrence lower bound; absence is not proof of no sensor overpass
2020:2777,2020,2777,2020-09-21 18:00:00+00:00,2020-09-21 21:00:00+00:00,4,4,4,568,568,57359.78515625,33.25,37.25,8.449999809265137,12.84999942779541,True,True,0,0,0,0,False,False,False,0,0,0,0,False,False,False,PF-feature co-occurrence lower bound; absence is not proof of no sensor overpass
2020:278,2020,278,2020-05-19 20:00:00+00:00,2020-05-20 02:00:00+00:00,7,6,6,251,251,22148.15234375,42.25,45.64999771118164,20.549999237060547,25.149999618530273,True,True,0,0,0,0,False,False,False,0,0,0,0,False,False,False,PF-feature co-occurrence lower bound; absence is not proof of no sensor overpass
2020:2787,2020,2787,2020-09-22 01:00:00+00:00,2020-09-22 07:00:00+00:00,7,7,7,222,222,20637.53515625,40.14999771118164,42.14999771118164,17.75,19.75,True,True,0,0,0,0,False,False,False,0,0,0,0,False,False,False,PF-feature co-occurrence lower bound; absence is not proof of no sensor overpass
2020:2789,2020,2789,2020-09-22 03:00:00+00:00,2020-09-22 08:00:00+00:00,6,6,6,107,107,9580.40234375,42.95000076293945,44.349998474121094,9.149999618530273,10.149999618530273,True,True,0,0,0,0,False,False,False,0,0,0,0,False,False,False,PF-feature co-occurrence lower bound; absence is not proof of no sensor overpass
2020:2795,2020,2795,2020-09-22 04:00:00+00:00,2020-09-22 09:00:00+00:00,6,6,6,194,194,17307.154296875,42.54999923706055,44.849998474121094,3.9499998092651367,6.949999809265137,True,True,0,0,0,0,False,False,False,0,0,0,0,False,False,False,PF-feature co-occurrence lower bound; absence is not proof of no sensor overpass
2020:2808,2020,2808,2020-09-22 17:00:00+00:00,2020-09-23 18:00:00+00:00,26,23,23,593,593,55546.90625,38.45000076293945,44.04999923706055,16.94999885559082,22.149999618530273,True,True,2,2,2,0,True,True,False,0,0,0,0,False,False,False,PF-feature co-occurrence lower bound; absence is not proof of no sensor overpass
2020:2810,2020,2810,2020-09-22 17:00:00+00:00,2020-09-23 01:00:00+00:00,9,9,9,133,133,11862.640625,42.95000076293945,44.849998474121094,14.75,17.549999237060547,True,True,1,1,1,0,True,True,False,0,0,0,0,False,False,False,PF-feature co-occurrence lower bound; absence is not proof of no sensor overpass
2020:2814,2020,2814,2020-09-22 21:00:00+00:00,2020-09-23 03:00:00+00:00,7,7,7,170,170,15946.5546875,40.04999923706055,41.25,4.650000095367432,6.849999904632568,True,True,0,0,0,0,False,False,False,0,0,0,0,False,False,False,PF-feature co-occurrence lower bound; absence is not proof of no sensor overpass
2020:2826,2020,2826,2020-09-23 03:00:00+00:00,2020-09-23 06:00:00+00:00,4,4,4,182,182,17001.5546875,40.14999771118164,41.64999771118164,7.949999809265137,10.050000190734863,True,True,0,0,0,0,False,False,False,0,0,0,0,False,False,False,PF-feature co-occurrence lower bound; absence is not proof of no sensor overpass
2020:2834,2020,2834,2020-09-23 06:00:00+00:00,2020-09-23 09:00:00+00:00,4,4,4,334,334,27337.53515625,47.14999771118164,50.04999923706055,11.050000190734863,14.34999942779541,True,True,0,0,0,0,False,False,False,0,0,0,0,False,False,False,PF-feature co-occurrence lower bound; absence is not proof of no sensor overpass
2020:2836,2020,2836,2020-09-23 07:00:00+00:00,2020-09-23 10:00:00+00:00,4,4,4,122,122,11301.779296875,41.04999923706055,42.04999923706055,12.149999618530273,14.149999618530273,True,True,0,0,0,0,False,False,False,0,0,0,0,False,False,False,PF-feature co-occurrence lower bound; absence is not proof of no sensor overpass
2020:2840,2020,2840,2020-09-23 11:00:00+00:00,2020-09-23 15:00:00+00:00,5,5,5,202,202,18148.798828125,42.45000076293945,44.04999923706055,8.34999942779541,12.149999618530273,True,True,1,1,1,0,True,True,False,0,0,0,0,False,False,False,PF-feature co-occurrence lower bound; absence is not proof of no sensor overpass
2020:2847,2020,2847,2020-09-23 15:00:00+00:00,2020-09-24 01:00:00+00:00,11,11,11,573,573,52885.4609375,38.849998474121094,43.04999923706055,16.149999618530273,21.44999885559082,True,True,1,1,1,0,True,True,False,1,1,1,0,True,True,False,PF-feature co-occurrence lower bound; absence is not proof of no sensor overpass
2020:2856,2020,2856,2020-09-23 18:00:00+00:00,2020-09-24 02:00:00+00:00,9,9,9,258,258,24920.662109375,36.849998474121094,39.95000076293945,18.350000381469727,23.94999885559082,True,True,1,1,1,0,True,True,False,0,0,0,0,False,False,False,PF-feature co-occurrence lower bound; absence is not proof of no sensor overpass
2020:287,2020,287,2020-05-20 12:00:00+00:00,2020-05-21 01:00:00+00:00,14,14,14,956,956,83574.1171875,42.14999771118164,46.75,18.350000381469727,31.349998474121094,True,True,1,1,1,0,True,True,False,1,1,1,0,True,True,False,PF-feature co-occurrence lower bound; absence is not proof of no sensor overpass
2020:2902,2020,2902,2020-09-25 02:00:00+00:00,2020-09-25 08:00:00+00:00,7,7,7,192,192,18037.447265625,39.54999923706055,41.25,6.75,11.449999809265137,True,True,0,0,0,0,False,False,False,0,0,0,0,False,False,False,PF-feature co-occurrence lower bound; absence is not proof of no sensor overpass
2020:2926,2020,2926,2020-09-25 17:00:00+00:00,2020-09-25 22:00:00+00:00,6,6,6,287,287,27048.564453125,38.25,41.95000076293945,12.25,18.549999237060547,True,True,3,1,3,0,True,True,False,2,1,2,0,True,True,False,PF-feature co-occurrence lower bound; absence is not proof of no sensor overpass
2020:2942,2020,2942,2020-09-26 01:00:00+00:00,2020-09-26 08:00:00+00:00,8,8,8,880,880,82495.5625,38.349998474121094,43.75,19.149999618530273,27.549999237060547,True,True,0,0,0,0,False,False,False,0,0,0,0,False,False,False,PF-feature co-occurrence lower bound; absence is not proof of no sensor overpass
2020:2945,2020,2945,2020-09-26 04:00:00+00:00,2020-09-26 08:00:00+00:00,5,5,5,492,492,46115.8984375,39.349998474121094,42.54999923706055,11.75,17.049999237060547,True,True,0,0,0,0,False,False,False,0,0,0,0,False,False,False,PF-feature co-occurrence lower bound; absence is not proof of no sensor overpass
2020:2959,2020,2959,2020-09-26 16:00:00+00:00,2020-09-26 22:00:00+00:00,7,7,7,649,649,58457.12890625,40.349998474121094,47.14999771118164,25.149999618530273,29.349998474121094,True,True,2,1,2,0,True,True,False,3,1,3,0,True,True,False,PF-feature co-occurrence lower bound; absence is not proof of no sensor overpass
2020:2981,2020,2981,2020-09-27 12:00:00+00:00,2020-09-27 16:00:00+00:00,5,5,5,335,335,33431.484375,34.45000076293945,37.849998474121094,12.25,16.350000381469727,True,True,0,0,0,0,False,False,False,0,0,0,0,False,False,False,PF-feature co-occurrence lower bound; absence is not proof of no sensor overpass
2020:2987,2020,2987,2020-09-27 19:00:00+00:00,2020-09-27 23:00:00+00:00,5,5,5,579,579,57492.05859375,34.54999923706055,38.64999771118164,15.149999618530273,18.850000381469727,True,True,1,1,1,0,True,True,False,1,1,1,0,True,True,False,PF-feature co-occurrence lower bound; absence is not proof of no sensor overpass
2020:2996,2020,2996,2020-09-28 08:00:00+00:00,2020-09-28 11:00:00+00:00,4,4,4,281,281,26850.94140625,38.04999923706055,40.54999923706055,20.549999237060547,24.44999885559082,True,True,0,0,0,0,False,False,False,0,0,0,0,False,False,False,PF-feature co-occurrence lower bound; absence is not proof of no sensor overpass
2020:2998,2020,2998,2020-09-28 13:00:00+00:00,2020-09-28 18:00:00+00:00,6,6,6,396,396,37469.984375,37.64999771118164,41.64999771118164,21.350000381469727,28.149999618530273,True,True,0,0,0,0,False,False,False,0,0,0,0,False,False,False,PF-feature co-occurrence lower bound; absence is not proof of no sensor overpass
2020:3005,2020,3005,2020-09-29 00:00:00+00:00,2020-09-29 11:00:00+00:00,12,12,12,1008,1008,82878.375,44.04999923706055,50.25,23.149999618530273,30.549999237060547,True,True,1,1,1,0,True,True,False,2,1,2,0,True,True,False,PF-feature co-occurrence lower bound; absence is not proof of no sensor overpass
2020:3006,2020,3006,2020-09-29 10:00:00+00:00,2020-09-29 22:00:00+00:00,13,13,13,1106,1106,97547.90625,40.14999771118164,47.45000076293945,27.75,37.349998474121094,True,True,0,0,0,0,False,False,False,0,0,0,0,False,False,False,PF-feature co-occurrence lower bound; absence is not proof of no sensor overpass
2020:3013,2020,3013,2020-09-29 16:00:00+00:00,2020-09-29 23:00:00+00:00,8,8,8,569,569,49330.42578125,41.849998474121094,46.95000076293945,30.25,35.349998474121094,True,True,1,1,1,0,True,True,False,0,0,0,0,False,False,False,PF-feature co-occurrence lower bound; absence is not proof of no sensor overpass
2020:303,2020,303,2020-05-21 14:00:00+00:00,2020-05-21 20:00:00+00:00,7,7,7,382,382,35324.96875,39.64999771118164,43.25,30.849998474121094,36.849998474121094,True,True,0,0,0,0,False,False,False,0,0,0,0,False,False,False,PF-feature co-occurrence lower bound; absence is not proof of no sensor overpass
2020:348,2020,348,2020-05-25 16:00:00+00:00,2020-05-25 20:00:00+00:00,5,5,5,277,277,26647.396484375,38.04999923706055,39.75,-6.549999713897705,-1.9499999284744263,True,True,0,0,0,0,False,False,False,0,0,0,0,False,False,False,PF-feature co-occurrence lower bound; absence is not proof of no sensor overpass
2020:376,2020,376,2020-05-28 18:00:00+00:00,2020-05-28 23:00:00+00:00,6,6,6,546,546,44312.6796875,45.04999923706055,51.04999923706055,35.75,38.95000076293945,True,True,0,0,0,0,False,False,False,0,0,0,0,False,False,False,PF-feature co-occurrence lower bound; absence is not proof of no sensor overpass
2020:383,2020,383,2020-05-29 11:00:00+00:00,2020-05-30 03:00:00+00:00,17,17,17,1126,1126,105310.25,45.349998474121094,54.94999694824219,30.25,38.75,True,True,1,1,1,0,True,True,False,1,1,1,0,True,True,False,PF-feature co-occurrence lower bound; absence is not proof of no sensor overpass
2020:385,2020,385,2020-05-29 14:00:00+00:00,2020-05-29 18:00:00+00:00,5,5,5,152,152,14040.1796875,41.04999923706055,42.349998474121094,1.0499999523162842,2.950000047683716,True,True,0,0,0,0,False,False,False,0,0,0,0,False,False,False,PF-feature co-occurrence lower bound; absence is not proof of no sensor overpass
2020:405,2020,405,2020-05-31 09:00:00+00:00,2020-05-31 14:00:00+00:00,6,6,6,275,275,27340.294921875,35.04999923706055,37.95000076293945,-6.649999618530273,-3.8499999046325684,True,True,0,0,0,0,False,False,False,0,0,0,0,False,False,False,PF-feature co-occurrence lower bound; absence is not proof of no sensor overpass
2020:409,2020,409,2020-05-31 14:00:00+00:00,2020-05-31 17:00:00+00:00,4,4,4,632,632,59037.5703125,39.25,42.349998474121094,-8.550000190734863,-4.75,True,True,0,0,0,0,False,False,False,0,0,0,0,False,False,False,PF-feature co-occurrence lower bound; absence is not proof of no sensor overpass
2020:414,2020,414,2020-05-31 20:00:00+00:00,2020-06-01 04:00:00+00:00,9,9,9,229,229,41546.1796875,41.349998474121094,44.14999771118164,-9.949999809265137,-7.649999618530273,True,True,0,0,0,0,False,False,False,0,0,0,0,False,False,False,PF-feature co-occurrence lower bound; absence is not proof of no sensor overpass
2020:417,2020,417,2020-06-01 01:00:00+00:00,2020-06-01 07:00:00+00:00,7,7,7,220,220,20671.341796875,38.95000076293945,41.45000076293945,25.350000381469727,28.549999237060547,True,True,1,1,1,0,True,True,False,0,0,0,0,False,False,False,PF-feature co-occurrence lower bound; absence is not proof of no sensor overpass
2020:423,2020,423,2020-06-01 08:00:00+00:00,2020-06-01 12:00:00+00:00,5,5,5,136,136,13373.7841796875,36.75,38.04999923706055,3.25,7.149999618530273,True,True,0,0,0,0,False,False,False,0,0,0,0,False,False,False,PF-feature co-occurrence lower bound; absence is not proof of no sensor overpass
2020:428,2020,428,2020-06-01 15:00:00+00:00,2020-06-01 18:00:00+00:00,4,4,4,482,482,41585.1953125,44.45000076293945,47.04999923706055,-0.44999998807907104,4.349999904632568,True,True,0,0,0,0,False,False,False,0,0,0,0,False,False,False,PF-feature co-occurrence lower bound; absence is not proof of no sensor overpass
2020:441,2020,441,2020-06-02 13:00:00+00:00,2020-06-02 16:00:00+00:00,4,4,4,176,176,16871.35546875,37.64999771118164,40.45000076293945,33.25,36.25,True,True,0,0,0,0,False,False,False,0,0,0,0,False,False,False,PF-feature co-occurrence lower bound; absence is not proof of no sensor overpass
2020:480,2020,480,2020-06-04 00:00:00+00:00,2020-06-05 21:00:00+00:00,46,46,46,3467,3467,312577.78125,35.95000076293945,49.849998474121094,3.9499998092651367,19.75,True,True,6,4,6,0,True,True,False,10,4,10,0,True,True,False,PF-feature co-occurrence lower bound; absence is not proof of no sensor overpass
2020:536,2020,536,2020-06-05 22:00:00+00:00,2020-06-06 04:00:00+00:00,7,7,7,229,229,21779.130859375,38.14999771118164,40.64999771118164,18.549999237060547,21.350000381469727,True,True,0,0,0,0,False,False,False,0,0,0,0,False,False,False,PF-feature co-occurrence lower bound; absence is not proof of no sensor overpass
2020:546,2020,546,2020-06-06 12:00:00+00:00,2020-06-08 01:00:00+00:00,38,38,38,1301,1301,107704.375,41.849998474121094,54.94999694824219,-6.649999618530273,25.75,True,True,2,2,2,0,True,True,False,11,3,11,0,True,True,False,PF-feature co-occurrence lower bound; absence is not proof of no sensor overpass
2020:549,2020,549,2020-06-06 15:00:00+00:00,2020-06-06 20:00:00+00:00,6,5,5,163,163,16535.861328125,33.04999923706055,35.849998474121094,-6.649999618530273,-3.1499998569488525,True,True,0,0,0,0,False,False,False,0,0,0,0,False,False,False,PF-feature co-occurrence lower bound; absence is not proof of no sensor overpass
2020:550,2020,550,2020-06-06 16:00:00+00:00,2020-06-07 00:00:00+00:00,9,9,9,213,213,19944.6328125,52.64999771118164,54.94999694824219,31.849998474121094,38.54999923706055,True,True,1,1,1,0,True,True,False,0,0,0,0,False,False,False,PF-feature co-occurrence lower bound; absence is not proof of no sensor overpass
2020:564,2020,564,2020-06-07 07:00:00+00:00,2020-06-07 11:00:00+00:00,5,5,5,133,133,12138.859375,40.75,43.25,4.049999713897705,7.949999809265137,True,True,0,0,0,0,False,False,False,0,0,0,0,False,False,False,PF-feature co-occurrence lower bound; absence is not proof of no sensor overpass
2020:566,2020,566,2020-06-07 11:00:00+00:00,2020-06-07 18:00:00+00:00,8,8,8,373,373,27317.595703125,52.349998474121094,54.94999694824219,28.549999237060547,36.25,True,True,0,0,0,0,False,False,False,0,0,0,0,False,False,False,PF-feature co-occurrence lower bound; absence is not proof of no sensor overpass
2020:569,2020,569,2020-06-07 12:00:00+00:00,2020-06-07 16:00:00+00:00,5,5,5,321,321,25052.63671875,49.54999923706055,51.94999694824219,15.84999942779541,19.549999237060547,True,True,0,0,0,0,False,False,False,0,0,0,0,False,False,False,PF-feature co-occurrence lower bound; absence is not proof of no sensor overpass
2020:576,2020,576,2020-06-07 15:00:00+00:00,2020-06-08 03:00:00+00:00,13,13,13,345,345,32040.115234375,38.14999771118164,42.64999771118164,-0.8499999642372131,5.25,True,True,0,0,0,0,False,False,False,0,0,0,0,False,False,False,PF-feature co-occurrence lower bound; absence is not proof of no sensor overpass
2020:577,2020,577,2020-06-07 15:00:00+00:00,2020-06-07 20:00:00+00:00,6,6,6,172,172,20794.79296875,53.75,54.94999694824219,21.350000381469727,25.94999885559082,True,True,0,0,0,0,False,False,False,2,1,2,0,True,True,False,PF-feature co-occurrence lower bound; absence is not proof of no sensor overpass
2020:584,2020,584,2020-06-07 18:00:00+00:00,2020-06-07 23:00:00+00:00,6,6,6,713,713,54868.62109375,47.45000076293945,53.849998474121094,13.75,18.75,True,True,1,1,1,0,True,True,False,1,1,1,0,True,True,False,PF-feature co-occurrence lower bound; absence is not proof of no sensor overpass
2020:591,2020,591,2020-06-07 22:00:00+00:00,2020-06-08 02:00:00+00:00,5,5,5,329,329,27313.30078125,45.849998474121094,50.25,16.44999885559082,21.049999237060547,True,True,0,0,0,0,False,False,False,0,0,0,0,False,False,False,PF-feature co-occurrence lower bound; absence is not proof of no sensor overpass
2020:605,2020,605,2020-06-08 13:00:00+00:00,2020-06-08 16:00:00+00:00,4,4,4,402,402,35012.9921875,43.54999923706055,46.45000076293945,17.350000381469727,21.649999618530273,True,True,0,0,0,0,False,False,False,0,0,0,0,False,False,False,PF-feature co-occurrence lower bound; absence is not proof of no sensor overpass
2020:606,2020,606,2020-06-08 13:00:00+00:00,2020-06-08 19:00:00+00:00,7,7,7,380,380,32503.3984375,44.45000076293945,47.75,10.25,14.149999618530273,True,True,0,0,0,0,False,False,False,0,0,0,0,False,False,False,PF-feature co-occurrence lower bound; absence is not proof of no sensor overpass
2020:608,2020,608,2020-06-08 13:00:00+00:00,2020-06-08 16:00:00+00:00,4,4,4,627,627,49148.8046875,48.95000076293945,53.349998474121094,19.149999618530273,24.549999237060547,True,True,0,0,0,0,False,False,False,0,0,0,0,False,False,False,PF-feature co-occurrence lower bound; absence is not proof of no sensor overpass
2020:609,2020,609,2020-06-08 13:00:00+00:00,2020-06-08 17:00:00+00:00,5,5,5,691,691,142556.515625,50.349998474121094,54.94999694824219,21.649999618530273,25.75,True,True,0,0,0,0,False,False,False,0,0,0,0,False,False,False,PF-feature co-occurrence lower bound; absence is not proof of no sensor overpass
2020:611,2020,611,2020-06-08 14:00:00+00:00,2020-06-08 22:00:00+00:00,9,9,9,250,250,24304.68359375,37.14999771118164,39.45000076293945,0.949999988079071,5.650000095367432,True,True,0,0,0,0,False,False,False,0,0,0,0,False,False,False,PF-feature co-occurrence lower bound; absence is not proof of no sensor overpass
2020:636,2020,636,2020-06-09 11:00:00+00:00,2020-06-09 21:00:00+00:00,11,11,11,391,391,34681.51953125,42.75,46.64999771118164,17.94999885559082,21.649999618530273,True,True,0,0,0,0,False,False,False,0,0,0,0,False,False,False,PF-feature co-occurrence lower bound; absence is not proof of no sensor overpass
2020:641,2020,641,2020-06-09 13:00:00+00:00,2020-06-09 14:00:00+00:00,2,2,2,190,190,30933.291015625,53.44999694824219,54.94999694824219,25.049999237060547,28.149999618530273,True,True,0,0,0,0,False,False,False,0,0,0,0,False,False,False,PF-feature co-occurrence lower bound; absence is not proof of no sensor overpass
2020:646,2020,646,2020-06-09 15:00:00+00:00,2020-06-10 03:00:00+00:00,13,13,13,433,433,37434.7421875,42.349998474121094,47.04999923706055,19.25,25.649999618530273,True,True,0,0,0,0,False,False,False,0,0,0,0,False,False,False,PF-feature co-occurrence lower bound; absence is not proof of no sensor overpass
2020:659,2020,659,2020-06-10 13:00:00+00:00,2020-06-10 15:00:00+00:00,3,3,3,22,22,20570.66796875,54.75,54.94999694824219,36.14999771118164,37.54999923706055,True,True,0,0,0,0,False,False,False,0,0,0,0,False,False,False,PF-feature co-occurrence lower bound; absence is not proof of no sensor overpass
2020:666,2020,666,2020-06-10 11:00:00+00:00,2020-06-10 20:00:00+00:00,10,10,10,400,400,37748.6171875,38.75,42.54999923706055,29.349998474121094,35.54999923706055,True,True,1,1,1,0,True,True,False,1,1,1,0,True,True,False,PF-feature co-occurrence lower bound; absence is not proof of no sensor overpass
2020:667,2020,667,2020-06-10 11:00:00+00:00,2020-06-10 14:00:00+00:00,4,4,4,351,351,33146.40234375,38.64999771118164,41.45000076293945,34.54999923706055,39.04999923706055,True,True,0,0,0,0,False,False,False,0,0,0,0,False,False,False,PF-feature co-occurrence lower bound; absence is not proof of no sensor overpass
2020:669,2020,669,2020-06-10 11:00:00+00:00,2020-06-10 20:00:00+00:00,10,10,10,466,466,41086.71484375,42.04999923706055,46.64999771118164,17.44999885559082,24.049999237060547,True,True,1,1,1,0,True,True,False,0,0,0,0,False,False,False,PF-feature co-occurrence lower bound; absence is not proof of no sensor overpass
2020:676,2020,676,2020-06-10 13:00:00+00:00,2020-06-10 21:00:00+00:00,9,9,9,402,402,32060.3671875,48.45000076293945,53.04999923706055,23.549999237060547,27.549999237060547,True,True,1,1,1,0,True,True,False,3,1,3,0,True,True,False,PF-feature co-occurrence lower bound; absence is not proof of no sensor overpass
2020:678,2020,678,2020-06-10 13:00:00+00:00,2020-06-10 16:00:00+00:00,4,4,4,108,108,10248.576171875,39.45000076293945,40.54999923706055,28.849998474121094,30.44999885559082,True,True,0,0,0,0,False,False,False,0,0,0,0,False,False,False,PF-feature co-occurrence lower bound; absence is not proof of no sensor overpass
2020:681,2020,681,2020-06-10 14:00:00+00:00,2020-06-10 21:00:00+00:00,8,8,8,112,112,91546.2265625,54.04999923706055,54.94999694824219,27.25,29.25,True,True,0,0,0,0,False,False,False,3,1,3,0,True,True,False,PF-feature co-occurrence lower bound; absence is not proof of no sensor overpass
2020:687,2020,687,2020-06-10 18:00:00+00:00,2020-06-10 21:00:00+00:00,4,4,4,129,129,9522.8369140625,52.94999694824219,54.14999771118164,21.75,23.850000381469727,True,True,1,1,1,0,True,True,False,0,0,0,0,False,False,False,PF-feature co-occurrence lower bound; absence is not proof of no sensor overpass
2020:691,2020,691,2020-06-10 21:00:00+00:00,2020-06-11 03:00:00+00:00,7,7,7,457,457,33520.859375,51.64999771118164,54.94999694824219,19.94999885559082,25.25,True,True,1,1,1,0,True,True,False,0,0,0,0,False,False,False,PF-feature co-occurrence lower bound; absence is not proof of no sensor overpass
2020:702,2020,702,2020-06-11 06:00:00+00:00,2020-06-11 10:00:00+00:00,5,5,5,198,198,17752.68359375,42.75,44.14999771118164,27.849998474121094,30.44999885559082,True,True,0,0,0,0,False,False,False,0,0,0,0,False,False,False,PF-feature co-occurrence lower bound; absence is not proof of no sensor overpass
2020:705,2020,705,2020-06-11 11:00:00+00:00,2020-06-11 14:00:00+00:00,4,4,4,335,335,28729.578125,45.04999923706055,47.349998474121094,22.94999885559082,26.649999618530273,True,True,0,0,0,0,False,False,False,0,0,0,0,False,False,False,PF-feature co-occurrence lower bound; absence is not proof of no sensor overpass
2020:707,2020,707,2020-06-11 11:00:00+00:00,2020-06-11 14:00:00+00:00,4,4,4,534,534,40270.84765625,50.95000076293945,53.75,24.850000381469727,28.849998474121094,True,True,0,0,0,0,False,False,False,0,0,0,0,False,False,False,PF-feature co-occurrence lower bound; absence is not proof of no sensor overpass
2020:708,2020,708,2020-06-11 12:00:00+00:00,2020-06-11 15:00:00+00:00,4,4,4,845,845,79800.3125,38.14999771118164,42.349998474121094,32.75,37.64999771118164,True,True,0,0,0,0,False,False,False,0,0,0,0,False,False,False,PF-feature co-occurrence lower bound; absence is not proof of no sensor overpass
2020:730,2020,730,2020-06-11 18:00:00+00:00,2020-06-11 22:00:00+00:00,5,5,5,730,730,56327.6796875,49.75,53.849998474121094,19.94999885559082,24.649999618530273,True,True,1,1,1,0,True,True,False,0,0,0,0,False,False,False,PF-feature co-occurrence lower bound; absence is not proof of no sensor overpass
2020:734,2020,734,2020-06-11 20:00:00+00:00,2020-06-12 04:00:00+00:00,9,9,9,712,712,61459.59765625,43.64999771118164,47.64999771118164,21.149999618530273,28.149999618530273,True,True,1,1,1,0,True,True,False,4,1,4,0,True,True,False,PF-feature co-occurrence lower bound; absence is not proof of no sensor overpass
2020:746,2020,746,2020-06-12 07:00:00+00:00,2020-06-12 11:00:00+00:00,5,5,5,456,456,38874.1484375,45.25,48.04999923706055,31.44999885559082,36.64999771118164,True,True,0,0,0,0,False,False,False,0,0,0,0,False,False,False,PF-feature co-occurrence lower bound; absence is not proof of no sensor overpass
2020:749,2020,749,2020-06-12 09:00:00+00:00,2020-06-12 13:00:00+00:00,5,5,5,194,194,18557.23828125,38.04999923706055,40.54999923706055,31.349998474121094,34.04999923706055,True,True,0,0,0,0,False,False,False,0,0,0,0,False,False,False,PF-feature co-occurrence lower bound; absence is not proof of no sensor overpass
2020:758,2020,758,2020-06-12 14:00:00+00:00,2020-06-13 08:00:00+00:00,19,19,19,729,729,87083.0625,52.849998474121094,54.94999694824219,31.049999237060547,40.04999923706055,True,True,1,1,1,0,True,True,False,0,0,0,0,False,False,False,PF-feature co-occurrence lower bound; absence is not proof of no sensor overpass
2020:759,2020,759,2020-06-12 14:00:00+00:00,2020-06-12 18:00:00+00:00,5,5,5,614,614,50930.22265625,46.54999923706055,48.95000076293945,23.149999618530273,31.25,True,True,0,0,0,0,False,False,False,0,0,0,0,False,False,False,PF-feature co-occurrence lower bound; absence is not proof of no sensor overpass
2020:760,2020,760,2020-06-12 14:00:00+00:00,2020-06-12 18:00:00+00:00,5,5,5,182,182,15047.029296875,46.95000076293945,48.849998474121094,32.75,35.75,True,True,1,1,1,0,True,True,False,0,0,0,0,False,False,False,PF-feature co-occurrence lower bound; absence is not proof of no sensor overpass
2020:761,2020,761,2020-06-12 15:00:00+00:00,2020-06-12 19:00:00+00:00,5,5,5,370,370,35025.265625,38.54999923706055,41.14999771118164,33.14999771118164,37.75,True,True,1,1,1,0,True,True,False,0,0,0,0,False,False,False,PF-feature co-occurrence lower bound; absence is not proof of no sensor overpass
2020:765,2020,765,2020-06-12 16:00:00+00:00,2020-06-13 04:00:00+00:00,13,13,13,757,757,57440.9375,48.64999771118164,54.94999694824219,-2.450000047683716,6.75,True,True,2,2,2,0,True,True,False,1,1,1,0,True,True,False,PF-feature co-occurrence lower bound; absence is not proof of no sensor overpass
2020:767,2020,767,2020-06-12 18:00:00+00:00,2020-06-12 21:00:00+00:00,4,4,4,509,509,43245.63671875,44.349998474121094,50.25,2.25,7.149999618530273,True,True,0,0,0,0,False,False,False,0,0,0,0,False,False,False,PF-feature co-occurrence lower bound; absence is not proof of no sensor overpass
2020:77,2020,77,2020-05-05 00:00:00+00:00,2020-05-05 06:00:00+00:00,7,7,7,485,485,49215.10546875,32.45000076293945,37.04999923706055,29.25,33.54999923706055,True,True,0,0,0,0,False,False,False,0,0,0,0,False,False,False,PF-feature co-occurrence lower bound; absence is not proof of no sensor overpass
2020:783,2020,783,2020-06-13 08:00:00+00:00,2020-06-13 11:00:00+00:00,4,4,4,148,148,13425.353515625,41.64999771118164,43.95000076293945,4.449999809265137,6.25,True,True,0,0,0,0,False,False,False,0,0,0,0,False,False,False,PF-feature co-occurrence lower bound; absence is not proof of no sensor overpass
2020:788,2020,788,2020-06-13 11:00:00+00:00,2020-06-13 17:00:00+00:00,7,7,7,1099,1099,95990.375,41.45000076293945,48.04999923706055,4.150000095367432,11.550000190734863,True,True,0,0,0,0,False,False,False,0,0,0,0,False,False,False,PF-feature co-occurrence lower bound; absence is not proof of no sensor overpass
2020:790,2020,790,2020-06-13 11:00:00+00:00,2020-06-13 22:00:00+00:00,12,12,12,550,550,46097.796875,45.64999771118164,48.75,29.25,37.849998474121094,True,True,0,0,0,0,False,False,False,0,0,0,0,False,False,False,PF-feature co-occurrence lower bound; absence is not proof of no sensor overpass
2020:795,2020,795,2020-06-13 12:00:00+00:00,2020-06-13 21:00:00+00:00,10,10,10,406,406,38396.16015625,38.95000076293945,43.349998474121094,35.04999923706055,39.45000076293945,True,True,1,1,1,0,True,True,False,1,1,1,0,True,True,False,PF-feature co-occurrence lower bound; absence is not proof of no sensor overpass
2020:802,2020,802,2020-06-13 13:00:00+00:00,2020-06-13 18:00:00+00:00,6,6,6,275,275,22059.333984375,48.349998474121094,50.54999923706055,14.34999942779541,19.350000381469727,True,True,1,1,1,0,True,True,False,0,0,0,0,False,False,False,PF-feature co-occurrence lower bound; absence is not proof of no sensor overpass
2020:808,2020,808,2020-06-13 16:00:00+00:00,2020-06-13 21:00:00+00:00,6,6,6,288,288,21431.453125,51.94999694824219,53.94999694824219,6.25,9.649999618530273,True,True,1,1,1,0,True,True,False,1,1,1,0,True,True,False,PF-feature co-occurrence lower bound; absence is not proof of no sensor overpass
2020:810,2020,810,2020-06-13 17:00:00+00:00,2020-06-14 07:00:00+00:00,15,15,15,564,564,45204.46484375,46.54999923706055,51.849998474121094,5.549999713897705,13.449999809265137,True,True,1,1,1,0,True,True,False,0,0,0,0,False,False,False,PF-feature co-occurrence lower bound; absence is not proof of no sensor overpass
2020:825,2020,825,2020-06-14 08:00:00+00:00,2020-06-14 11:00:00+00:00,4,4,4,229,229,18241.3984375,49.14999771118164,50.64999771118164,13.949999809265137,16.75,True,True,0,0,0,0,False,False,False,0,0,0,0,False,False,False,PF-feature co-occurrence lower bound; absence is not proof of no sensor overpass
2020:827,2020,827,2020-06-14 10:00:00+00:00,2020-06-14 17:00:00+00:00,8,8,8,835,835,68842.28125,46.75,49.45000076293945,13.449999809265137,20.649999618530273,True,True,0,0,0,0,False,False,False,0,0,0,0,False,False,False,PF-feature co-occurrence lower bound; absence is not proof of no sensor overpass
2020:828,2020,828,2020-06-14 11:00:00+00:00,2020-06-14 20:00:00+00:00,10,10,10,447,447,40642.41015625,40.64999771118164,44.349998474121094,24.549999237060547,29.649999618530273,True,True,1,1,1,0,True,True,False,2,1,2,0,True,True,False,PF-feature co-occurrence lower bound; absence is not proof of no sensor overpass
2020:830,2020,830,2020-06-14 12:00:00+00:00,2020-06-14 18:00:00+00:00,7,7,7,350,350,28212.525390625,46.14999771118164,51.04999923706055,33.25,38.64999771118164,True,True,1,1,1,0,True,True,False,1,1,1,0,True,True,False,PF-feature co-occurrence lower bound; absence is not proof of no sensor overpass
2020:833,2020,833,2020-06-14 13:00:00+00:00,2020-06-14 20:00:00+00:00,8,8,8,380,380,32418.71875,45.14999771118164,48.349998474121094,20.149999618530273,23.549999237060547,True,True,1,1,1,0,True,True,False,0,0,0,0,False,False,False,PF-feature co-occurrence lower bound; absence is not proof of no sensor overpass
2020:837,2020,837,2020-06-14 16:00:00+00:00,2020-06-14 21:00:00+00:00,6,6,6,565,565,45527.3046875,47.349998474121094,50.95000076293945,36.25,40.04999923706055,True,True,1,1,1,0,True,True,False,0,0,0,0,False,False,False,PF-feature co-occurrence lower bound; absence is not proof of no sensor overpass
2020:864,2020,864,2020-06-15 18:00:00+00:00,2020-06-15 21:00:00+00:00,4,4,4,161,161,29719.259765625,53.64999771118164,54.94999694824219,27.75,29.849998474121094,True,True,0,0,0,0,False,False,False,0,0,0,0,False,False,False,PF-feature co-occurrence lower bound; absence is not proof of no sensor overpass
2020:872,2020,872,2020-06-16 01:00:00+00:00,2020-06-16 05:00:00+00:00,5,5,5,176,176,14587.345703125,47.14999771118164,48.45000076293945,32.25,35.75,True,True,0,0,0,0,False,False,False,0,0,0,0,False,False,False,PF-feature co-occurrence lower bound; absence is not proof of no sensor overpass
2020:889,2020,889,2020-06-16 16:00:00+00:00,2020-06-16 20:00:00+00:00,5,5,5,353,353,27987.6796875,48.75,51.44999694824219,25.049999237060547,28.94999885559082,True,True,2,1,2,0,True,True,False,4,1,4,0,True,True,False,PF-feature co-occurrence lower bound; absence is not proof of no sensor overpass
2020:903,2020,903,2020-06-17 08:00:00+00:00,2020-06-17 16:00:00+00:00,9,8,8,187,187,17546.802734375,39.349998474121094,42.349998474121094,33.64999771118164,36.45000076293945,True,True,0,0,0,0,False,False,False,0,0,0,0,False,False,False,PF-feature co-occurrence lower bound; absence is not proof of no sensor overpass
2020:906,2020,906,2020-06-17 10:00:00+00:00,2020-06-17 18:00:00+00:00,9,9,9,649,649,55008.98828125,45.25,48.64999771118164,17.94999885559082,24.049999237060547,True,True,0,0,0,0,False,False,False,0,0,0,0,False,False,False,PF-feature co-occurrence lower bound; absence is not proof of no sensor overpass
2020:908,2020,908,2020-06-17 11:00:00+00:00,2020-06-17 21:00:00+00:00,11,11,11,509,509,38712.859375,49.25,54.04999923706055,16.850000381469727,22.649999618530273,True,True,0,0,0,0,False,False,False,0,0,0,0,False,False,False,PF-feature co-occurrence lower bound; absence is not proof of no sensor overpass
2020:912,2020,912,2020-06-17 13:00:00+00:00,2020-06-17 16:00:00+00:00,4,4,4,159,159,13899.263671875,44.14999771118164,45.64999771118164,7.25,9.449999809265137,True,True,0,0,0,0,False,False,False,0,0,0,0,False,False,False,PF-feature co-occurrence lower bound; absence is not proof of no sensor overpass
2020:918,2020,918,2020-06-17 15:00:00+00:00,2020-06-17 18:00:00+00:00,4,4,4,138,138,13060.787109375,38.849998474121094,40.54999923706055,30.549999237060547,32.849998474121094,True,True,1,1,1,0,True,True,False,0,0,0,0,False,False,False,PF-feature co-occurrence lower bound; absence is not proof of no sensor overpass
2020:919,2020,919,2020-06-17 15:00:00+00:00,2020-06-17 21:00:00+00:00,7,7,7,369,369,27067.2265625,52.14999771118164,54.44999694824219,19.149999618530273,24.75,True,True,2,1,2,0,True,True,False,0,0,0,0,False,False,False,PF-feature co-occurrence lower bound; absence is not proof of no sensor overpass
2020:923,2020,923,2020-06-17 17:00:00+00:00,2020-06-17 22:00:00+00:00,6,6,6,129,129,11957.7119140625,40.849998474121094,42.45000076293945,30.049999237060547,32.349998474121094,True,True,0,0,0,0,False,False,False,0,0,0,0,False,False,False,PF-feature co-occurrence lower bound; absence is not proof of no sensor overpass
2020:935,2020,935,2020-06-18 04:00:00+00:00,2020-06-18 12:00:00+00:00,9,9,9,297,297,27524.1796875,40.45000076293945,42.45000076293945,-1.0499999523162842,6.25,True,True,0,0,0,0,False,False,False,0,0,0,0,False,False,False,PF-feature co-occurrence lower bound; absence is not proof of no sensor overpass
2020:945,2020,945,2020-06-18 10:00:00+00:00,2020-06-18 17:00:00+00:00,8,8,8,1077,1077,84279.7421875,46.75,54.94999694824219,25.25,32.75,True,True,2,1,2,0,True,True,False,6,1,6,0,True,True,False,PF-feature co-occurrence lower bound; absence is not proof of no sensor overpass
2020:946,2020,946,2020-06-18 10:00:00+00:00,2020-06-18 22:00:00+00:00,13,13,13,475,475,36430.515625,49.64999771118164,54.54999923706055,15.449999809265137,21.75,True,True,1,1,1,0,True,True,False,0,0,0,0,False,False,False,PF-feature co-occurrence lower bound; absence is not proof of no sensor overpass
2020:947,2020,947,2020-06-18 11:00:00+00:00,2020-06-18 17:00:00+00:00,7,7,7,255,255,22185.0234375,44.45000076293945,46.04999923706055,31.149999618530273,34.95000076293945,True,True,1,1,1,0,True,True,False,0,0,0,0,False,False,False,PF-feature co-occurrence lower bound; absence is not proof of no sensor overpass
2020:950,2020,950,2020-06-18 12:00:00+00:00,2020-06-18 18:00:00+00:00,7,7,7,363,363,29077.3515625,48.45000076293945,51.64999771118164,16.850000381469727,21.94999885559082,True,True,2,1,2,0,True,True,False,1,1,1,0,True,True,False,PF-feature co-occurrence lower bound; absence is not proof of no sensor overpass
2020:967,2020,967,2020-06-19 06:00:00+00:00,2020-06-19 13:00:00+00:00,8,8,8,204,204,18510.171875,41.64999771118164,43.849998474121094,37.54999923706055,39.95000076293945,True,True,0,0,0,0,False,False,False,0,0,0,0,False,False,False,PF-feature co-occurrence lower bound; absence is not proof of no sensor overpass
2020:972,2020,972,2020-06-19 09:00:00+00:00,2020-06-19 13:00:00+00:00,5,5,5,443,443,32779.3046875,52.04999923706055,54.75,29.349998474121094,33.54999923706055,True,True,0,0,0,0,False,False,False,0,0,0,0,False,False,False,PF-feature co-occurrence lower bound; absence is not proof of no sensor overpass
2020:978,2020,978,2020-06-19 11:00:00+00:00,2020-06-19 17:00:00+00:00,7,7,7,498,498,36927.58984375,51.04999923706055,54.94999694824219,15.949999809265137,20.850000381469727,True,True,0,0,0,0,False,False,False,0,0,0,0,False,False,False,PF-feature co-occurrence lower bound; absence is not proof of no sensor overpass
2020:983,2020,983,2020-06-19 13:00:00+00:00,2020-06-19 16:00:00+00:00,4,4,4,372,372,31688.787109375,45.349998474121094,47.45000076293945,9.050000190734863,15.149999618530273,True,True,0,0,0,0,False,False,False,0,0,0,0,False,False,False,PF-feature co-occurrence lower bound; absence is not proof of no sensor overpass
2020:988,2020,988,2020-06-19 15:00:00+00:00,2020-06-19 20:00:00+00:00,6,4,4,323,323,24702.03515625,53.25,54.94999694824219,32.25,37.04999923706055,True,True,1,1,0,1,True,False,True,0,0,0,0,False,False,False,PF-feature co-occurrence lower bound; absence is not proof of no sensor overpass
